0,1,2,3,4,5,6,7
2.0,1.0,5.0,1980.0,16928006.0,1.0,0.0,573.6666666666666
2.0,1.0,1.0,1980.0,24474508.0,1.0,0.0,498.6666666666667
1.0,2.0,10.0,1979.0,16922911.0,1.0,0.0,466.3333333333333
1.0,1.0,7.0,1979.0,12807607.0,2.0,0.0,516.6666666666666
1.0,2.0,12.0,1979.0,24483909.0,2.0,0.0,579.6666666666666
1.0,1.0,4.0,1980.0,26293705.0,2.0,0.0,595.3333333333334
2.0,1.0,2.0,1980.0,20549105.0,2.0,1.0,537.0
2.0,2.0,3.0,1980.0,24483909.0,1.0,0.0,540.6666666666666
2.0,2.0,7.0,1980.0,16620306.0,1.0,0.0,482.3333333333333
2.0,2.0,6.0,1980.0,24472706.0,2.0,1.0,549.3333333333334
1.0,1.0,10.0,1979.0,24474506.0,2.0,1.0,518.0
2.0,1.0,6.0,1980.0,18938205.0,2.0,1.0,584.3333333333334
2.0,1.0,12.0,1979.0,20548804.0,2.0,1.0,523.0
1.0,2.0,7.0,1980.0,24472708.0,1.0,0.0,529.3333333333334
2.0,1.0,6.0,1980.0,26293708.0,2.0,1.0,630.3333333333334
2.0,1.0,4.0,1980.0,25790509.0,2.0,1.0,600.6666666666666
2.0,2.0,7.0,1980.0,24472706.0,2.0,1.0,536.0
1.0,1.0,8.0,1979.0,16620305.0,1.0,1.0,493.0
1.0,1.0,6.0,1980.0,13008508.0,2.0,1.0,563.0
2.0,1.0,6.0,1980.0,18938207.0,2.0,0.0,547.6666666666666
1.0,1.0,3.0,1980.0,18034410.0,2.0,1.0,569.0
1.0,1.0,9.0,1980.0,12807607.0,2.0,0.0,553.6666666666666
2.0,2.0,12.0,1979.0,16921908.0,1.0,0.0,515.6666666666666
2.0,1.0,6.0,1980.0,16922919.0,2.0,0.0,563.0
1.0,2.0,11.0,1979.0,24483906.0,2.0,1.0,546.6666666666666
1.0,1.0,2.0,1980.0,16922911.0,2.0,0.0,517.3333333333334
1.0,2.0,3.0,1980.0,24472706.0,2.0,1.0,556.6666666666666
2.0,1.0,10.0,1979.0,16921904.0,2.0,1.0,643.3333333333334
1.0,1.0,3.0,1979.0,16922911.0,2.0,0.0,531.6666666666666
1.0,2.0,3.0,1980.0,20548806.0,1.0,0.0,493.3333333333333
1.0,1.0,4.0,1980.0,16928005.0,2.0,1.0,537.6666666666666
1.0,2.0,7.0,1980.0,24483104.0,1.0,1.0,590.3333333333334
1.0,1.0,12.0,1978.0,16519905.0,2.0,0.0,483.0
2.0,1.0,7.0,1980.0,16519904.0,2.0,1.0,625.6666666666666
2.0,1.0,5.0,1980.0,16921908.0,2.0,0.0,524.0
2.0,1.0,11.0,1978.0,24483104.0,1.0,1.0,505.6666666666667
2.0,1.0,4.0,1980.0,16922917.0,2.0,0.0,541.3333333333334
2.0,1.0,11.0,1980.0,16928004.0,1.0,1.0,477.6666666666667
2.0,1.0,3.0,1980.0,16921904.0,2.0,1.0,630.0
1.0,1.0,11.0,1979.0,26494509.0,2.0,1.0,580.3333333333334
1.0,1.0,5.0,1980.0,24483106.0,2.0,0.0,483.3333333333333
2.0,2.0,1.0,1980.0,16921906.0,1.0,0.0,544.6666666666666
2.0,1.0,2.0,1979.0,16922910.0,2.0,1.0,488.3333333333333
1.0,2.0,9.0,1979.0,11203806.0,2.0,0.0,463.6666666666667
1.0,1.0,5.0,1980.0,26293706.0,2.0,1.0,568.0
1.0,2.0,7.0,1980.0,16922916.0,1.0,0.0,474.6666666666667
1.0,2.0,12.0,1978.0,16922917.0,1.0,0.0,515.6666666666666
1.0,1.0,1.0,1980.0,16928006.0,2.0,0.0,594.0
1.0,1.0,9.0,1980.0,16519905.0,2.0,0.0,569.0
2.0,1.0,11.0,1979.0,18034410.0,1.0,1.0,576.6666666666666
1.0,1.0,2.0,1980.0,26494510.0,2.0,1.0,513.6666666666666
1.0,1.0,1.0,1979.0,24480108.0,2.0,0.0,503.6666666666667
1.0,1.0,7.0,1980.0,16928004.0,2.0,1.0,547.0
1.0,1.0,11.0,1979.0,16921905.0,2.0,1.0,521.0
1.0,1.0,9.0,1980.0,13008505.0,2.0,0.0,555.3333333333334
2.0,2.0,11.0,1979.0,24479908.0,1.0,1.0,534.6666666666666
2.0,1.0,11.0,1979.0,13008508.0,2.0,1.0,565.3333333333334
2.0,2.0,8.0,1980.0,24483908.0,1.0,0.0,498.0
1.0,1.0,2.0,1980.0,12807604.0,2.0,1.0,519.3333333333334
1.0,1.0,9.0,1980.0,25790510.0,2.0,1.0,521.0
2.0,2.0,3.0,1980.0,16928005.0,1.0,1.0,567.3333333333334
1.0,1.0,1.0,1980.0,21856205.0,2.0,1.0,531.6666666666666
1.0,1.0,9.0,1979.0,20548806.0,2.0,0.0,512.3333333333334
1.0,1.0,4.0,1980.0,20548805.0,0.0,1.0,571.6666666666666
1.0,1.0,10.0,1979.0,26293705.0,2.0,0.0,568.0
1.0,1.0,3.0,1979.0,26494509.0,2.0,1.0,565.6666666666666
2.0,2.0,12.0,1979.0,24479906.0,1.0,0.0,559.0
2.0,1.0,8.0,1980.0,18034407.0,2.0,0.0,523.0
1.0,1.0,1.0,1980.0,12807607.0,2.0,0.0,514.6666666666666
2.0,1.0,4.0,1980.0,18034410.0,1.0,1.0,554.3333333333334
2.0,2.0,7.0,1980.0,16922919.0,1.0,0.0,551.6666666666666
2.0,1.0,12.0,1979.0,13008508.0,2.0,1.0,525.3333333333334
2.0,2.0,3.0,1980.0,24483909.0,2.0,0.0,597.3333333333334
2.0,1.0,7.0,1980.0,21252206.0,1.0,0.0,556.6666666666666
2.0,1.0,1.0,1980.0,20548804.0,2.0,1.0,561.0
2.0,1.0,8.0,1980.0,18034407.0,2.0,0.0,568.6666666666666
1.0,1.0,5.0,1979.0,16922919.0,2.0,0.0,633.6666666666666
2.0,1.0,5.0,1979.0,18938206.0,2.0,0.0,554.6666666666666
1.0,2.0,6.0,1980.0,24472705.0,2.0,0.0,535.6666666666666
2.0,1.0,2.0,1979.0,21856207.0,1.0,0.0,562.6666666666666
2.0,2.0,1.0,1980.0,24479908.0,2.0,1.0,596.0
1.0,1.0,10.0,1979.0,18938206.0,1.0,0.0,576.0
1.0,1.0,12.0,1978.0,11203806.0,1.0,0.0,498.0
2.0,2.0,11.0,1980.0,24479907.0,2.0,0.0,559.6666666666666
2.0,1.0,4.0,1980.0,12807606.0,1.0,1.0,595.0
2.0,2.0,6.0,1980.0,24483907.0,2.0,0.0,547.6666666666666
1.0,1.0,3.0,1980.0,20548804.0,1.0,1.0,533.0
2.0,1.0,6.0,1979.0,16519905.0,2.0,0.0,520.6666666666666
1.0,1.0,6.0,1980.0,21856205.0,1.0,1.0,591.3333333333334
1.0,1.0,9.0,1979.0,16519904.0,2.0,1.0,599.6666666666666
1.0,2.0,7.0,1980.0,24483104.0,1.0,1.0,557.6666666666666
1.0,2.0,3.0,1980.0,24479906.0,2.0,0.0,504.0
1.0,2.0,2.0,1980.0,20548805.0,2.0,1.0,545.6666666666666
2.0,1.0,12.0,1979.0,20549106.0,2.0,0.0,573.6666666666666
2.0,4.0,10.0,1980.0,25790513.0,2.0,0.0,586.3333333333334
2.0,3.0,12.0,1979.0,26293705.0,2.0,0.0,576.3333333333334
1.0,1.0,6.0,1980.0,20549207.0,2.0,1.0,519.0
1.0,1.0,3.0,1978.0,24483907.0,2.0,0.0,520.3333333333334
2.0,2.0,9.0,1980.0,24483909.0,2.0,0.0,570.3333333333334
1.0,2.0,10.0,1979.0,24483909.0,1.0,0.0,518.6666666666666
2.0,2.0,12.0,1979.0,24480105.0,1.0,1.0,508.3333333333333
2.0,2.0,4.0,1980.0,24474508.0,1.0,0.0,538.3333333333334
2.0,2.0,3.0,1980.0,24483106.0,1.0,0.0,567.0
2.0,2.0,4.0,1980.0,24472708.0,1.0,0.0,503.6666666666667
1.0,1.0,3.0,1980.0,20548806.0,2.0,0.0,541.6666666666666
1.0,1.0,10.0,1979.0,24480108.0,2.0,0.0,515.6666666666666
2.0,2.0,3.0,1980.0,24472707.0,1.0,1.0,553.0
2.0,1.0,6.0,1980.0,24474508.0,2.0,0.0,481.0
1.0,2.0,2.0,1980.0,20549207.0,1.0,1.0,551.6666666666666
1.0,1.0,12.0,1979.0,25790508.0,2.0,1.0,580.6666666666666
2.0,2.0,6.0,1980.0,16928006.0,2.0,0.0,597.3333333333334
2.0,1.0,12.0,1978.0,11203806.0,1.0,0.0,478.6666666666667
1.0,1.0,8.0,1979.0,21252207.0,1.0,1.0,560.6666666666666
2.0,2.0,6.0,1979.0,20549206.0,2.0,0.0,520.0
1.0,1.0,3.0,1979.0,20548805.0,2.0,1.0,542.3333333333334
1.0,2.0,7.0,1980.0,24483909.0,2.0,0.0,527.6666666666666
1.0,1.0,8.0,1979.0,26293706.0,2.0,1.0,607.3333333333334
2.0,2.0,2.0,1980.0,20549207.0,1.0,1.0,515.3333333333334
2.0,1.0,4.0,1980.0,16922909.0,2.0,1.0,552.0
1.0,1.0,11.0,1979.0,16922908.0,2.0,1.0,600.6666666666666
2.0,1.0,1.0,1980.0,18034407.0,2.0,0.0,541.3333333333334
1.0,1.0,8.0,1980.0,21252207.0,2.0,1.0,541.0
1.0,2.0,2.0,1979.0,16922917.0,2.0,0.0,505.3333333333333
2.0,2.0,1.0,1980.0,16922916.0,1.0,0.0,483.0
1.0,1.0,5.0,1980.0,12807604.0,2.0,1.0,588.6666666666666
1.0,2.0,7.0,1980.0,24483907.0,2.0,0.0,465.0
1.0,1.0,1.0,1980.0,25790513.0,2.0,0.0,549.6666666666666
2.0,1.0,4.0,1979.0,11203806.0,1.0,0.0,516.6666666666666
2.0,1.0,6.0,1980.0,16928006.0,1.0,0.0,476.3333333333333
1.0,1.0,2.0,1980.0,18034407.0,2.0,0.0,582.3333333333334
1.0,1.0,1.0,1980.0,13008508.0,1.0,1.0,533.0
2.0,2.0,2.0,1980.0,24483909.0,1.0,0.0,522.3333333333334
2.0,1.0,4.0,1980.0,11203806.0,1.0,0.0,540.0
1.0,2.0,5.0,1980.0,16922909.0,1.0,1.0,544.0
2.0,2.0,6.0,1980.0,16921905.0,2.0,1.0,557.6666666666666
1.0,1.0,7.0,1980.0,16921905.0,2.0,1.0,572.0
1.0,1.0,3.0,1980.0,21252208.0,2.0,1.0,522.6666666666666
2.0,2.0,8.0,1980.0,16922917.0,1.0,0.0,499.3333333333333
2.0,1.0,3.0,1980.0,26494510.0,2.0,1.0,556.0
1.0,2.0,2.0,1979.0,24474507.0,1.0,0.0,500.6666666666667
2.0,2.0,4.0,1980.0,16922916.0,1.0,0.0,492.6666666666667
2.0,2.0,12.0,1979.0,21856207.0,2.0,0.0,547.3333333333334
1.0,2.0,11.0,1978.0,24472708.0,1.0,0.0,481.3333333333333
1.0,2.0,4.0,1980.0,16922908.0,1.0,1.0,585.0
2.0,1.0,8.0,1980.0,16921905.0,2.0,1.0,606.6666666666666
2.0,1.0,7.0,1980.0,21856207.0,1.0,0.0,567.0
1.0,1.0,9.0,1980.0,16921904.0,1.0,1.0,522.6666666666666
2.0,2.0,8.0,1980.0,24474506.0,1.0,1.0,530.6666666666666
2.0,1.0,1.0,1980.0,16928004.0,1.0,1.0,502.6666666666667
1.0,1.0,8.0,1980.0,21252206.0,1.0,0.0,548.0
2.0,1.0,4.0,1980.0,13008508.0,2.0,1.0,634.3333333333334
1.0,1.0,4.0,1980.0,18938207.0,2.0,0.0,542.0
1.0,3.0,5.0,1980.0,18034410.0,1.0,1.0,506.0
2.0,2.0,5.0,1980.0,24483910.0,1.0,1.0,579.0
2.0,1.0,4.0,1980.0,18034411.0,2.0,1.0,552.0
1.0,1.0,11.0,1979.0,25790510.0,1.0,1.0,505.0
1.0,1.0,8.0,1979.0,16519905.0,2.0,0.0,602.3333333333334
1.0,2.0,3.0,1980.0,24483907.0,1.0,0.0,553.6666666666666
1.0,1.0,2.0,1980.0,21252206.0,2.0,0.0,590.0
1.0,1.0,8.0,1979.0,24480105.0,2.0,1.0,482.6666666666667
2.0,1.0,7.0,1980.0,12807607.0,2.0,0.0,522.6666666666666
1.0,2.0,11.0,1978.0,24483907.0,1.0,0.0,541.6666666666666
2.0,2.0,7.0,1979.0,20549206.0,1.0,0.0,496.3333333333333
2.0,1.0,4.0,1979.0,21252206.0,1.0,0.0,494.0
1.0,1.0,6.0,1979.0,12807607.0,2.0,0.0,512.0
1.0,2.0,6.0,1980.0,24483907.0,1.0,0.0,505.3333333333333
1.0,1.0,12.0,1979.0,12807607.0,2.0,0.0,489.6666666666667
2.0,1.0,6.0,1980.0,21252208.0,1.0,1.0,558.3333333333334
2.0,2.0,11.0,1979.0,20549207.0,1.0,1.0,478.0
1.0,2.0,3.0,1980.0,16922916.0,1.0,0.0,532.0
2.0,1.0,4.0,1980.0,25790511.0,2.0,0.0,558.3333333333334
1.0,2.0,8.0,1980.0,24483909.0,2.0,0.0,593.3333333333334
2.0,2.0,1.0,1980.0,24483906.0,2.0,1.0,623.3333333333334
1.0,1.0,6.0,1980.0,26293706.0,2.0,1.0,564.6666666666666
2.0,2.0,7.0,1980.0,24472705.0,2.0,0.0,546.3333333333334
2.0,1.0,8.0,1980.0,21252208.0,1.0,1.0,621.3333333333334
2.0,2.0,8.0,1980.0,24483908.0,1.0,0.0,503.3333333333333
1.0,1.0,3.0,1980.0,24480108.0,2.0,0.0,528.3333333333334
2.0,2.0,5.0,1980.0,20549207.0,1.0,1.0,558.3333333333334
1.0,1.0,5.0,1980.0,18938207.0,2.0,0.0,534.6666666666666
2.0,2.0,4.0,1979.0,20549206.0,1.0,0.0,515.0
1.0,1.0,3.0,1980.0,16921905.0,2.0,1.0,607.0
2.0,1.0,1.0,1980.0,21252206.0,1.0,0.0,519.6666666666666
1.0,3.0,5.0,1980.0,20549106.0,2.0,0.0,598.6666666666666
1.0,1.0,6.0,1980.0,24483104.0,2.0,1.0,499.6666666666667
2.0,1.0,2.0,1980.0,12807606.0,2.0,1.0,549.6666666666666
2.0,1.0,7.0,1980.0,16928006.0,2.0,0.0,588.0
2.0,2.0,9.0,1980.0,16922911.0,1.0,0.0,520.3333333333334
2.0,2.0,7.0,1980.0,16922919.0,2.0,0.0,553.6666666666666
1.0,1.0,5.0,1980.0,24474508.0,2.0,0.0,563.6666666666666
1.0,1.0,5.0,1980.0,25790513.0,2.0,0.0,570.0
1.0,1.0,10.0,1979.0,20549106.0,2.0,0.0,581.0
2.0,2.0,4.0,1980.0,24483908.0,2.0,0.0,494.0
1.0,1.0,8.0,1979.0,12807607.0,2.0,0.0,456.0
2.0,2.0,8.0,1980.0,24479907.0,2.0,0.0,533.3333333333334
2.0,1.0,3.0,1980.0,20548804.0,2.0,1.0,524.3333333333334
2.0,1.0,7.0,1980.0,26293705.0,2.0,0.0,547.6666666666666
2.0,1.0,9.0,1980.0,25790513.0,2.0,0.0,631.0
2.0,2.0,4.0,1980.0,16922910.0,2.0,1.0,531.3333333333334
2.0,1.0,12.0,1979.0,21252206.0,1.0,0.0,526.0
1.0,1.0,10.0,1980.0,21252208.0,1.0,1.0,529.6666666666666
2.0,2.0,7.0,1979.0,20549206.0,1.0,0.0,521.6666666666666
2.0,2.0,8.0,1980.0,16922916.0,1.0,0.0,488.3333333333333
1.0,2.0,5.0,1980.0,24483106.0,2.0,0.0,550.0
2.0,1.0,3.0,1980.0,24483907.0,1.0,0.0,555.6666666666666
2.0,1.0,3.0,1980.0,25790511.0,2.0,0.0,583.3333333333334
1.0,1.0,12.0,1979.0,26293706.0,2.0,1.0,622.3333333333334
1.0,2.0,12.0,1979.0,20549206.0,1.0,0.0,472.6666666666667
2.0,1.0,2.0,1979.0,20549206.0,1.0,0.0,485.6666666666667
2.0,1.0,2.0,1980.0,16922917.0,1.0,0.0,545.6666666666666
1.0,1.0,6.0,1980.0,21252208.0,1.0,1.0,539.0
1.0,1.0,12.0,1979.0,16928004.0,2.0,1.0,535.0
1.0,1.0,12.0,1978.0,16620305.0,1.0,1.0,526.3333333333334
1.0,2.0,6.0,1980.0,24479907.0,2.0,0.0,514.3333333333334
1.0,2.0,2.0,1980.0,25790511.0,1.0,0.0,534.6666666666666
2.0,1.0,9.0,1979.0,24474507.0,2.0,0.0,508.0
1.0,1.0,9.0,1980.0,16922908.0,2.0,1.0,601.0
2.0,2.0,8.0,1980.0,24479906.0,1.0,0.0,521.3333333333334
1.0,2.0,4.0,1980.0,24483908.0,2.0,0.0,597.6666666666666
2.0,1.0,3.0,1980.0,18938206.0,2.0,0.0,555.0
2.0,2.0,10.0,1979.0,20549206.0,1.0,0.0,504.0
1.0,1.0,9.0,1980.0,24480107.0,2.0,0.0,528.0
1.0,1.0,9.0,1979.0,25790511.0,2.0,0.0,560.0
1.0,1.0,9.0,1980.0,16928006.0,2.0,0.0,556.6666666666666
2.0,1.0,9.0,1980.0,24483104.0,1.0,1.0,498.3333333333333
2.0,1.0,5.0,1980.0,16921906.0,2.0,0.0,604.3333333333334
1.0,1.0,12.0,1979.0,18938205.0,2.0,1.0,497.6666666666667
1.0,2.0,7.0,1980.0,24483909.0,2.0,0.0,531.6666666666666
1.0,1.0,11.0,1979.0,16519905.0,2.0,0.0,602.3333333333334
1.0,1.0,9.0,1980.0,21252208.0,2.0,1.0,633.0
1.0,2.0,7.0,1980.0,24479907.0,1.0,0.0,548.3333333333334
1.0,3.0,3.0,1980.0,18938206.0,2.0,0.0,608.0
1.0,1.0,1.0,1980.0,18938205.0,2.0,1.0,550.6666666666666
2.0,1.0,9.0,1980.0,12807604.0,2.0,1.0,552.0
1.0,2.0,5.0,1980.0,24472705.0,2.0,0.0,492.3333333333333
1.0,1.0,6.0,1980.0,18938205.0,2.0,1.0,531.3333333333334
2.0,1.0,9.0,1980.0,24480108.0,2.0,0.0,489.6666666666667
1.0,1.0,8.0,1980.0,16921908.0,2.0,0.0,491.3333333333333
2.0,1.0,5.0,1980.0,16922908.0,2.0,1.0,588.0
1.0,2.0,4.0,1979.0,24483104.0,1.0,1.0,518.3333333333334
2.0,2.0,11.0,1980.0,24483906.0,1.0,1.0,555.3333333333334
2.0,1.0,6.0,1980.0,16922919.0,2.0,0.0,525.6666666666666
1.0,2.0,1.0,1980.0,24483908.0,1.0,0.0,522.6666666666666
2.0,1.0,6.0,1980.0,21252206.0,1.0,0.0,489.0
2.0,1.0,8.0,1980.0,16519905.0,2.0,0.0,600.6666666666666
2.0,1.0,10.0,1980.0,24474508.0,2.0,0.0,522.6666666666666
2.0,2.0,8.0,1980.0,24483910.0,1.0,1.0,525.3333333333334
1.0,1.0,1.0,1980.0,16922908.0,2.0,1.0,591.6666666666666
2.0,1.0,8.0,1980.0,16519904.0,1.0,1.0,466.6666666666667
2.0,2.0,6.0,1980.0,24472708.0,2.0,0.0,574.0
1.0,1.0,2.0,1980.0,13008505.0,2.0,0.0,532.6666666666666
1.0,1.0,7.0,1980.0,21252207.0,1.0,1.0,519.3333333333334
1.0,1.0,5.0,1979.0,26494506.0,2.0,0.0,545.3333333333334
2.0,2.0,12.0,1979.0,24472705.0,1.0,0.0,491.6666666666667
1.0,1.0,9.0,1979.0,13008508.0,2.0,1.0,622.6666666666666
2.0,2.0,9.0,1980.0,16921906.0,1.0,0.0,477.0
1.0,1.0,7.0,1980.0,18938206.0,2.0,0.0,518.0
1.0,2.0,11.0,1978.0,16921908.0,1.0,0.0,518.3333333333334
2.0,1.0,2.0,1980.0,16921904.0,2.0,1.0,575.3333333333334
2.0,1.0,1.0,1980.0,24474507.0,1.0,0.0,500.0
2.0,1.0,1.0,1980.0,16922919.0,2.0,0.0,533.6666666666666
1.0,1.0,5.0,1980.0,16921906.0,2.0,0.0,531.6666666666666
1.0,1.0,10.0,1979.0,18938207.0,0.0,0.0,625.0
2.0,2.0,2.0,1980.0,24480107.0,1.0,0.0,518.3333333333334
1.0,1.0,3.0,1979.0,20548805.0,2.0,1.0,547.6666666666666
1.0,1.0,1.0,1980.0,24480108.0,2.0,0.0,533.3333333333334
2.0,2.0,6.0,1980.0,24472705.0,1.0,0.0,521.6666666666666
1.0,1.0,8.0,1979.0,24474507.0,2.0,0.0,568.3333333333334
2.0,2.0,5.0,1980.0,16922916.0,1.0,0.0,494.6666666666667
2.0,2.0,10.0,1980.0,24479907.0,2.0,0.0,533.6666666666666
2.0,2.0,3.0,1980.0,24472708.0,2.0,0.0,589.6666666666666
1.0,1.0,2.0,1980.0,26494506.0,2.0,0.0,599.0
1.0,1.0,5.0,1979.0,26494510.0,2.0,1.0,517.3333333333334
1.0,1.0,7.0,1980.0,18938206.0,2.0,0.0,544.6666666666666
2.0,1.0,7.0,1980.0,26494506.0,2.0,0.0,530.3333333333334
2.0,1.0,11.0,1979.0,21252208.0,2.0,1.0,646.0
2.0,1.0,3.0,1980.0,20549106.0,1.0,0.0,564.3333333333334
1.0,1.0,9.0,1979.0,12807607.0,2.0,0.0,512.6666666666666
1.0,1.0,2.0,1980.0,18034408.0,2.0,0.0,550.0
1.0,1.0,5.0,1980.0,25790513.0,2.0,0.0,563.0
2.0,2.0,11.0,1979.0,20549207.0,1.0,1.0,552.6666666666666
2.0,2.0,3.0,1980.0,16922910.0,2.0,1.0,570.6666666666666
2.0,1.0,8.0,1980.0,20549106.0,2.0,0.0,536.6666666666666
1.0,1.0,10.0,1979.0,24474508.0,1.0,0.0,545.0
1.0,1.0,8.0,1980.0,21252206.0,1.0,0.0,557.6666666666666
1.0,1.0,11.0,1979.0,21856205.0,2.0,1.0,634.3333333333334
2.0,2.0,5.0,1980.0,25790513.0,2.0,0.0,526.6666666666666
2.0,1.0,11.0,1979.0,18938205.0,2.0,1.0,630.0
2.0,1.0,9.0,1979.0,16519905.0,2.0,0.0,557.0
1.0,1.0,12.0,1979.0,21856207.0,2.0,0.0,597.6666666666666
1.0,1.0,6.0,1980.0,21252206.0,1.0,0.0,513.3333333333334
1.0,2.0,4.0,1980.0,24480105.0,1.0,1.0,476.6666666666667
2.0,2.0,4.0,1980.0,16922908.0,1.0,1.0,574.6666666666666
2.0,1.0,12.0,1979.0,25790509.0,2.0,1.0,545.0
1.0,1.0,4.0,1980.0,21252207.0,1.0,1.0,502.6666666666667
1.0,1.0,8.0,1979.0,26494506.0,2.0,0.0,592.0
2.0,1.0,1.0,1980.0,21856205.0,2.0,1.0,608.3333333333334
2.0,1.0,5.0,1980.0,16922910.0,1.0,1.0,545.0
2.0,1.0,9.0,1980.0,24479907.0,1.0,0.0,590.0
1.0,1.0,11.0,1979.0,21252208.0,1.0,1.0,627.0
1.0,1.0,7.0,1980.0,25790510.0,1.0,1.0,513.3333333333334
1.0,1.0,6.0,1980.0,25790509.0,2.0,1.0,529.0
2.0,1.0,2.0,1980.0,16921908.0,2.0,0.0,516.0
2.0,2.0,3.0,1980.0,24480107.0,1.0,0.0,495.6666666666667
1.0,1.0,5.0,1980.0,26293708.0,2.0,1.0,617.3333333333334
2.0,2.0,11.0,1979.0,24472707.0,0.0,1.0,583.6666666666666
2.0,2.0,3.0,1979.0,18034407.0,1.0,0.0,494.6666666666667
1.0,2.0,12.0,1979.0,24479906.0,2.0,0.0,507.0
1.0,2.0,7.0,1980.0,24483105.0,1.0,1.0,487.6666666666667
2.0,2.0,9.0,1980.0,24483907.0,1.0,0.0,473.0
1.0,1.0,2.0,1980.0,21856207.0,2.0,0.0,558.3333333333334
2.0,1.0,5.0,1980.0,25790510.0,1.0,1.0,534.6666666666666
2.0,1.0,6.0,1980.0,18938206.0,2.0,0.0,527.0
2.0,1.0,4.0,1980.0,21252206.0,2.0,0.0,558.0
1.0,2.0,7.0,1979.0,16922914.0,1.0,0.0,515.6666666666666
1.0,1.0,5.0,1980.0,20549105.0,2.0,1.0,603.0
1.0,1.0,12.0,1979.0,25790513.0,2.0,0.0,592.0
2.0,2.0,9.0,1980.0,24479908.0,2.0,1.0,566.3333333333334
1.0,2.0,8.0,1980.0,24479908.0,2.0,1.0,548.6666666666666
1.0,1.0,6.0,1980.0,18938207.0,2.0,0.0,649.6666666666666
2.0,2.0,11.0,1979.0,18034410.0,2.0,1.0,576.6666666666666
1.0,2.0,10.0,1980.0,24483910.0,2.0,1.0,554.0
1.0,1.0,4.0,1980.0,21252207.0,2.0,1.0,554.3333333333334
1.0,1.0,1.0,1980.0,24483104.0,1.0,1.0,556.3333333333334
1.0,1.0,10.0,1979.0,26494506.0,2.0,0.0,566.0
2.0,2.0,2.0,1979.0,16922914.0,1.0,0.0,493.0
1.0,2.0,8.0,1979.0,16921904.0,1.0,1.0,521.0
1.0,1.0,4.0,1980.0,21856206.0,2.0,1.0,599.0
1.0,1.0,11.0,1979.0,16928004.0,2.0,1.0,589.3333333333334
1.0,1.0,12.0,1979.0,13008508.0,2.0,1.0,641.0
1.0,1.0,11.0,1979.0,24480107.0,2.0,0.0,551.6666666666666
2.0,1.0,2.0,1980.0,26494510.0,2.0,1.0,613.6666666666666
2.0,1.0,2.0,1980.0,24483104.0,1.0,1.0,495.3333333333333
1.0,1.0,12.0,1979.0,21252208.0,2.0,1.0,491.0
1.0,2.0,7.0,1980.0,11203805.0,1.0,1.0,477.6666666666667
1.0,1.0,2.0,1980.0,18034411.0,2.0,1.0,558.3333333333334
1.0,2.0,5.0,1980.0,16921906.0,1.0,0.0,470.0
2.0,1.0,3.0,1980.0,20549106.0,2.0,0.0,600.6666666666666
1.0,2.0,3.0,1980.0,24483908.0,2.0,0.0,553.3333333333334
2.0,1.0,12.0,1979.0,20548805.0,2.0,1.0,572.0
1.0,1.0,11.0,1979.0,20548804.0,2.0,1.0,563.6666666666666
1.0,1.0,12.0,1979.0,13008505.0,2.0,0.0,548.0
2.0,2.0,11.0,1979.0,18034411.0,1.0,1.0,537.0
1.0,1.0,11.0,1980.0,24474506.0,2.0,1.0,572.0
2.0,1.0,8.0,1978.0,13008505.0,2.0,0.0,541.3333333333334
1.0,2.0,4.0,1980.0,16922916.0,1.0,0.0,502.3333333333333
1.0,2.0,7.0,1979.0,24472707.0,1.0,1.0,495.0
1.0,2.0,10.0,1979.0,16928005.0,1.0,1.0,546.3333333333334
2.0,2.0,3.0,1980.0,24472705.0,2.0,0.0,579.0
2.0,1.0,8.0,1980.0,26494510.0,2.0,1.0,609.6666666666666
2.0,1.0,4.0,1980.0,16921906.0,2.0,0.0,543.3333333333334
2.0,2.0,11.0,1979.0,18034407.0,1.0,0.0,537.0
1.0,1.0,10.0,1979.0,16922914.0,2.0,0.0,591.0
2.0,1.0,1.0,1980.0,16922909.0,1.0,1.0,521.6666666666666
1.0,1.0,2.0,1980.0,20548806.0,2.0,0.0,502.6666666666667
2.0,1.0,8.0,1980.0,16921905.0,2.0,1.0,610.0
2.0,2.0,11.0,1979.0,24472706.0,1.0,1.0,529.3333333333334
2.0,1.0,6.0,1980.0,16922908.0,2.0,1.0,546.3333333333334
1.0,2.0,3.0,1980.0,24479907.0,2.0,0.0,505.3333333333333
1.0,1.0,4.0,1980.0,11203806.0,2.0,0.0,592.6666666666666
1.0,1.0,11.0,1979.0,25790508.0,2.0,1.0,566.3333333333334
2.0,2.0,9.0,1980.0,20549207.0,1.0,1.0,531.6666666666666
1.0,2.0,9.0,1980.0,24483910.0,2.0,1.0,649.6666666666666
1.0,1.0,10.0,1979.0,24480107.0,2.0,0.0,517.0
2.0,1.0,9.0,1979.0,25790513.0,1.0,0.0,541.6666666666666
2.0,1.0,1.0,1980.0,18034411.0,2.0,1.0,599.6666666666666
2.0,2.0,1.0,1980.0,24480108.0,2.0,0.0,518.3333333333334
2.0,1.0,2.0,1980.0,26494506.0,2.0,0.0,541.0
1.0,1.0,2.0,1980.0,16922914.0,1.0,0.0,517.3333333333334
2.0,2.0,9.0,1979.0,24472707.0,1.0,1.0,563.0
2.0,2.0,6.0,1980.0,24479908.0,2.0,1.0,587.0
2.0,1.0,5.0,1980.0,18034411.0,2.0,1.0,558.0
2.0,2.0,9.0,1980.0,24483910.0,1.0,1.0,603.0
1.0,2.0,9.0,1980.0,24483909.0,1.0,0.0,587.6666666666666
1.0,2.0,8.0,1980.0,24474506.0,2.0,1.0,492.6666666666667
2.0,1.0,8.0,1979.0,26293705.0,2.0,0.0,545.3333333333334
1.0,1.0,8.0,1980.0,21856207.0,1.0,0.0,580.0
1.0,1.0,3.0,1980.0,12807606.0,2.0,1.0,555.0
2.0,1.0,12.0,1979.0,20548805.0,2.0,1.0,633.6666666666666
2.0,1.0,7.0,1980.0,11203806.0,2.0,0.0,527.0
2.0,1.0,4.0,1980.0,20549207.0,1.0,1.0,546.0
2.0,2.0,8.0,1980.0,16921908.0,1.0,0.0,518.6666666666666
2.0,1.0,3.0,1980.0,16928006.0,1.0,0.0,568.6666666666666
1.0,2.0,1.0,1980.0,24483906.0,2.0,1.0,577.6666666666666
1.0,1.0,6.0,1980.0,26494509.0,2.0,1.0,583.0
2.0,1.0,9.0,1979.0,26293708.0,2.0,1.0,634.3333333333334
1.0,1.0,4.0,1980.0,16922916.0,2.0,0.0,530.0
1.0,2.0,8.0,1979.0,24483908.0,1.0,0.0,521.6666666666666
2.0,2.0,2.0,1980.0,24483106.0,1.0,0.0,548.6666666666666
2.0,1.0,8.0,1980.0,16928005.0,2.0,1.0,555.3333333333334
1.0,2.0,11.0,1979.0,24479907.0,1.0,0.0,532.6666666666666
1.0,1.0,9.0,1980.0,20548804.0,1.0,1.0,522.0
1.0,2.0,4.0,1980.0,24472707.0,0.0,1.0,512.0
2.0,1.0,12.0,1979.0,21252206.0,1.0,0.0,537.6666666666666
1.0,1.0,5.0,1980.0,26293708.0,2.0,1.0,583.3333333333334
2.0,1.0,3.0,1980.0,18034408.0,2.0,0.0,524.3333333333334
1.0,2.0,7.0,1979.0,24479906.0,1.0,0.0,532.0
2.0,2.0,5.0,1980.0,16928004.0,2.0,1.0,503.3333333333333
2.0,1.0,1.0,1979.0,16922916.0,2.0,0.0,526.3333333333334
2.0,1.0,11.0,1979.0,18938206.0,2.0,0.0,579.6666666666666
1.0,2.0,2.0,1980.0,24480108.0,1.0,0.0,555.6666666666666
2.0,2.0,4.0,1980.0,24479906.0,1.0,0.0,515.0
1.0,1.0,10.0,1979.0,16922917.0,1.0,0.0,553.3333333333334
1.0,1.0,7.0,1979.0,12807607.0,1.0,0.0,465.6666666666667
1.0,1.0,9.0,1980.0,26494509.0,2.0,1.0,560.6666666666666
1.0,1.0,11.0,1979.0,21856206.0,2.0,1.0,592.3333333333334
2.0,2.0,3.0,1979.0,16928006.0,1.0,0.0,549.0
2.0,2.0,7.0,1979.0,16921905.0,2.0,1.0,576.3333333333334
2.0,1.0,4.0,1980.0,16922916.0,2.0,0.0,492.0
1.0,1.0,2.0,1980.0,21252208.0,1.0,1.0,532.6666666666666
2.0,2.0,3.0,1980.0,24472705.0,1.0,0.0,568.6666666666666
1.0,1.0,4.0,1980.0,24474506.0,2.0,1.0,515.6666666666666
1.0,2.0,7.0,1980.0,16921904.0,1.0,1.0,515.3333333333334
1.0,1.0,11.0,1979.0,26494509.0,2.0,1.0,552.3333333333334
2.0,1.0,4.0,1980.0,26494510.0,2.0,1.0,596.3333333333334
1.0,1.0,11.0,1979.0,24483106.0,2.0,0.0,578.0
1.0,1.0,9.0,1980.0,18938206.0,2.0,0.0,540.6666666666666
1.0,1.0,5.0,1980.0,20548805.0,2.0,1.0,535.3333333333334
2.0,2.0,9.0,1980.0,24479907.0,1.0,0.0,560.0
2.0,1.0,3.0,1980.0,25790510.0,2.0,1.0,556.6666666666666
2.0,1.0,4.0,1980.0,24483106.0,2.0,0.0,528.6666666666666
1.0,1.0,5.0,1980.0,18938206.0,2.0,0.0,589.0
