"","RMSE","Bias","Variance"
"1",23.8381797831147,-17.1606278101383,347.140556712418
"2",18.6697293391719,-14.1625918896552,207.380348140066
"3",19.3082736472778,-13.5106923918314,249.473184785622
"4",19.1275051768207,-13.693474103066,235.309465169982
"5",29.0602380383819,-21.0130472794736,495.375678666148
"6",22.1052364579385,-16.1116677486887,298.418917923835
"7",23.2741858536053,-16.962132924613,325.329488858156
"8",22.0309301443397,-15.6197422081059,310.267665286872
"9",21.4000936127987,-15.5442853050975,282.346947028591
"10",21.0060636396299,-15.6255807984684,264.25683411136
"11",22.8347830443104,-16.433925504951,320.430878063713
"12",21.3272804710221,-15.1652771489579,286.6776949593
"13",22.8505894168456,-16.2450835516393,327.591676776694
"14",22.7164088130409,-16.0054850891356,332.014688209776
"15",23.3655058656693,-16.6721392919652,341.211583291619
"16",24.009663454878,-17.2364668365609,354.714519814168
"17",21.4535541125722,-16.0197445943187,272.87658562046
"18",19.2830281265089,-14.0236197643936,235.107588779329
"19",22.5890171738404,-16.0030177892148,322.659699515956
"20",19.8182735342591,-14.3080092355942,249.30386253295
"21",22.69331697909,-16.242676744488,322.113263751426
"22",24.6428057465713,-17.8689318562442,365.261122207947
"23",21.6406109285978,-15.6716146497463,292.13752858896
"24",21.2334116291545,-15.0951748818333,287.010764907037
"25",18.1509523646391,-13.1537699035544,211.918662451291
"26",16.397819479908,-12.0896593250732,173.104474432391
"27",24.7066069650237,-17.1219008074759,388.927079867254
"28",20.0658156311694,-14.47238261642,252.986626038785
"29",22.0222851372327,-15.8727575671854,304.263860054977
"30",24.7842839301768,-17.247934397708,390.311975617583
"31",17.2137882132037,-12.5417987393964,190.241740781915
"32",22.9265432981029,-16.361470300985,326.889999691927
"33",22.4119029603582,-16.0957744988338,312.317017968027
"34",14.9560012951253,-10.8941529889599,151.158256443492
"35",23.4068493379433,-16.5657792758156,344.070558037444
"36",20.8647506670537,-14.9254040231129,277.755966929922
"37",24.2859458503774,-17.5133951244535,356.992652998467
"38",26.4141620454654,-18.7449042630732,425.469360924135
"39",23.5980569826602,-16.5557638766271,352.654010348805
"40",22.9794810212818,-16.5639060928861,325.441337371668
"41",25.6480230792002,-17.3665127335115,432.543619271478
"42",17.2873798662633,-12.4612914555204,196.815491180045
"43",19.175545237585,-14.1636776278878,227.616772621629
"44",31.1424560334085,-22.4032062438495,566.274811095868
"45",19.125494353828,-13.9671888965471,231.277825085295
"46",21.6281820300588,-15.3369648190619,296.415447005647
"47",18.8714107658767,-14.0309068663833,217.898690547569
"48",22.820676915252,-15.8163309882461,334.818788604105
"49",30.4326049587549,-21.8513946530391,545.016266228429
"50",24.0024277152079,-17.4675090511221,345.759136205724
"51",19.626508128749,-14.3773659234491,238.908404563505
"52",19.5181935635469,-14.1651923990843,241.476975298991
"53",26.3028340671767,-19.3755172325732,401.200539822904
"54",20.7456534975822,-14.9689318771955,269.485635066932
"55",22.3199714868508,-16.3197628792113,303.589328094145
"56",21.8453547389678,-14.9932436608905,314.651092517306
"57",26.1917515494649,-18.7182478244427,417.529936779833
"58",20.2332886357589,-14.5816576439968,258.024364204756
"59",19.1775076243551,-14.1436916660718,230.302060156962
"60",19.0206568783565,-14.2144377339871,221.529605355232
"61",19.2539817367811,-14.024468859559,234.493451664318
"62",23.984198882806,-17.0844528298021,356.123919250824
"63",26.251458955644,-18.8306158320042,415.806270579421
"64",22.5557145341087,-16.3600690817086,309.057593564022
"65",23.810778953154,-17.0623012547416,347.889791484722
"66",16.015769014254,-11.9100603223887,165.841359471389
"67",24.6683929746921,-17.9350123664392,364.927087064962
"68",15.8284499464545,-11.5685847360302,164.468303654027
"69",20.6666219713762,-14.7721296045989,269.463891831347
"70",21.0547297633411,-15.3075390800439,273.121376854207
"71",19.8995452688561,-14.3698579232544,251.544556588255
"72",24.3018763986691,-17.410853161827,361.883499464622
"73",25.1500131637847,-17.9135614863547,385.916135330131
"74",23.9777797217375,-17.34086204631,350.048115599765
"75",17.96214036538,-13.1276240583562,206.12358871711
"76",17.1834382055798,-12.3802998622804,197.03109345383
"77",17.915172057097,-13.2437032449746,202.170896319842
"78",15.3588488832516,-11.1726122825822,158.151945910042
"79",24.2494521646515,-17.1673542419424,364.390307795094
"80",21.805256542161,-16.0613851753021,288.015262619802
"81",23.2796701425646,-16.4164969569144,343.227449786093
"82",25.335694381782,-17.9519441464026,398.816366799933
"83",18.2208269302698,-13.1977369555819,215.381771356787
"84",23.549087461878,-17.3521896339518,327.97971633955
"85",18.8521177475359,-13.4550110112323,230.788549986209
"86",23.2950323225547,-16.4661818445881,341.527181925291
"87",21.0046458129001,-15.0362295847442,279.703178026809
"88",18.4746535114789,-13.5133724107341,216.627119719163
"89",21.7473808106311,-15.9693822667863,284.578252975213
"90",21.1217537775779,-15.1768523303936,280.635862187548
"91",29.7538416541566,-21.7534912052797,507.848883139641
"92",23.1027017782084,-16.0551413719232,342.485704287848
"93",25.0639131151949,-18.4250981046179,369.367058054405
"94",24.1892229840773,-17.2745135994277,362.999832097479
"95",21.5432688601634,-15.2259077101178,298.682842669223
"96",21.9631652052062,-15.8040448342657,300.850476771784
"97",27.0462585960834,-19.8037271478375,426.159654420739
"98",26.4570412592826,-19.1582622361906,417.142310494027
"99",19.7649760293689,-13.6845847729528,262.66855830974
"100",12.0299000467286,-8.91559822071756,100.835672287954
