datasetNo,naiveGP_exp,naiveGP_obs,kallusGP,ICM
1,0.23738929198589176,1.7363727500196546,10.21372504089959,5.433368708007038
2,0.30540441698394716,1.7176637499360368,1.8065937920473516,3.730142959044315
3,0.39471891592256725,2.233455416979268,2.6100870420923457,3.7657905420055613
4,0.23552691692020744,2.313866625074297,2.417199166957289,3.7236323750112206
5,0.10682379198260605,2.5974142079940066,2.307151083019562,4.940378291998059
6,0.22873954090755433,1.859289624961093,2.5182455419562757,4.660239749937318
7,0.2233463330194354,1.6767505829920992,1.7803924169857055,6.946273708017543
8,0.4128000830532983,3.357274541980587,2.2400238750269637,4.395441290922463
9,0.19676975009497255,1.4177817080635577,1.566868833033368,3.310538375051692
10,0.3013519999803975,2.4249415419762954,2.0350747499614954,3.8066384170670062
11,0.3157429170096293,2.1330183749087155,2.1241007909411564,4.686733459006064
12,0.10806545801460743,2.260967541951686,2.068128625047393,4.549862124957144
13,0.10819079203065485,2.2931247500237077,2.27405083400663,4.749777665943839
14,0.19694691698532552,2.4898773749591783,1.916329958010465,4.059182542026974
15,0.2255390000063926,2.0351027089636773,2.1437460830202326,4.245202708058059
16,0.09907708293758333,2.4614089579554275,2.2813107080291957,4.691498791915365
17,0.2552027500933036,1.9709223749814555,2.198574540903792,3.807855083956383
18,0.10358541703317314,1.8604999999515712,3.447674624971114,4.721987041993998
19,0.46123258292209357,4.14855220890604,2.3223792921053246,4.618643041001633
20,0.4213800420984626,2.4781467500142753,3.404259750037454,5.04347862501163
21,0.25047345797065645,2.072526333038695,2.342740874970332,4.8293256249744445
22,0.3321871660882607,2.5191689169732854,2.226119791972451,4.183140750043094
23,0.15272562496829778,3.1184949999442324,2.8624731249874458,5.774607458035462
24,0.35664408293087035,1.8992539170430973,2.756263833027333,5.011131374980323
25,0.1361837500007823,2.3454796670703217,1.9121889170492068,5.15688062494155
26,0.4682707500178367,2.2763422910356894,2.671152458060533,5.09243962506298
27,0.3155832920456305,1.875209707999602,2.0271255830302835,3.4774092079605907
28,0.2474287919467315,2.215735291945748,2.7636426250683144,4.217371999984607
29,0.12266783299855888,3.432385209016502,5.065927959047258,8.185129082994536
30,0.35386587504763156,1.9679597499780357,3.9232479170896113,5.639792999951169
31,0.4331287080422044,3.063569957972504,2.4066123749362305,5.011282166000456
32,0.25336954090744257,2.2558706670533866,2.056434041936882,4.788500374997966
33,0.31643629097379744,1.7558309169253334,1.9204562499653548,3.957152249990031
34,0.1447961670346558,2.280676417052746,2.443239500047639,5.647288542008027
35,0.20057200000155717,2.024197166902013,2.59858075005468,5.4431709999917075
36,0.11135958298109472,1.9060198330553249,1.968854375067167,3.7311466250102967
37,0.2827447500312701,1.7601073749829084,1.8715736670419574,4.889175790944137
38,0.10599858406931162,2.1756013330304995,1.9214974580099806,4.42980545910541
39,0.20488454191945493,1.689859417034313,2.0538146250182763,4.093963082996197
40,0.09618416696321219,1.8665222499985248,1.9780083330115303,4.08604712493252
41,0.379027291899547,1.808047541999258,2.0744047079933807,4.617053999914788
42,0.13125704100821167,4.362750667030923,2.4789750420022756,4.786292165983468
43,0.3357574580004439,2.338360666995868,2.3744038329459727,4.581322416081093
44,0.32553525001276284,3.2547864579828456,2.429471499985084,4.300771416979842
45,0.09970975003670901,2.1405234589474276,2.1631077920319512,4.859000666998327
46,0.4895945000462234,2.761109667015262,2.797104917000979,4.004782582982443
47,0.13774983305484056,2.3803867920069024,2.872376124956645,3.9415492500411347
48,0.26685333298519254,1.7900411669397727,1.885651999968104,3.40028754202649
49,0.0903737919870764,2.231457749963738,2.3171077080769464,3.9163443750003353
50,0.17310408293269575,1.6847240841016173,2.175635499996133,5.471865499974228
51,0.43748316704295576,6.207514874986373,3.716705666971393,5.952275292016566
52,0.3086175420321524,1.8876039170427248,2.0309075000695884,4.802735041943379
53,0.10561437497381121,1.8323168329661712,2.0883830420207232,3.7836265419609845
54,0.2859177920036018,1.835945583996363,1.9819481669692323,5.039137625019066
55,0.08908670803066343,1.815514040994458,1.8599324589595199,4.284246416995302
56,0.16738579201046377,2.0509249579627067,2.52567879203707,3.727702207979746
57,0.22793908300809562,1.8689309590263292,1.9480462080100551,3.3806969999568537
58,0.4361690420191735,2.1530069999862462,2.6948155410354957,3.7439679589588195
59,0.09437449998222291,2.0094381670933217,2.658725749934092,6.399305082974024
60,0.10655929194763303,2.7691769999219105,2.5815978749888018,5.372957166982815
61,0.1791123750153929,2.130902999895625,2.5212920830817893,4.4025770829757676
62,0.11045908299274743,2.2749587919097394,2.4202148750191554,5.1023374169599265
63,0.4854317919816822,2.5120037080487236,2.0918917499948293,3.9136187080293894
64,0.14005641697440296,2.428339459002018,2.4233311660354957,5.5011171660153195
65,0.2972852500388399,1.74529866699595,1.973673791042529,5.099704332998954
66,0.14427120808977634,2.99261666694656,4.050062083057128,4.714134208043106
67,0.27674987504724413,2.144966082996689,2.154673333046958,4.7106715409317985
68,0.24964462500065565,3.010567291988991,2.8114315420389175,4.9257941249525174
69,0.4075103340437636,2.217882417025976,2.6858065839624032,4.580802666023374
70,0.10902916709892452,2.019402291974984,2.0602504579583183,4.453907874994911
71,0.37859924999065697,2.0444102499168366,2.0657830419950187,5.303660708013922
72,0.3064771250355989,2.072304749977775,2.219375125016086,4.2754951670067385
73,0.12205370899755508,2.038496125023812,2.1099790420848876,3.46929091704078
74,0.3169177919626236,2.0820468340534717,2.3274677500594407,6.019304958055727
75,0.3497749160742387,1.9418766669696197,2.0207112500211224,3.8008032909128815
76,0.10755937499925494,1.8800907499389723,2.350812082993798,5.07879891700577
77,0.11477920797187835,1.7585862090345472,2.0783629160141572,4.421722208964638
78,0.37957420793827623,2.4680280840257183,2.229782750015147,4.027902083005756
79,0.2063829170074314,1.743586792028509,1.7955370420822874,3.6367667500162497
80,0.47120745794381946,2.267149749910459,2.260462209000252,4.183784499997273
81,0.32241279107984155,2.5854597080033273,2.1878733329940587,5.036631915951148
82,0.1953945830464363,1.8790460830787197,1.9587535000173375,4.479552665958181
83,0.22055441699922085,1.8386835410492495,1.903891000081785,4.150603250018321
84,0.2602045410312712,1.8660060410620645,1.977225000038743,3.957351791090332
85,0.24204837495926768,1.859620500006713,1.946821374935098,4.420259249978699
86,0.38962304196320474,1.8402800420299172,1.889297500019893,4.034097958006896
87,0.3441867911024019,2.0832625420298427,2.1209314999869093,4.738826374989003
88,0.25199395895469934,1.560079500079155,1.6249425840796903,3.493614292005077
89,0.1835453329840675,1.7888574159005657,1.8352983330842108,4.664967833086848
90,0.1891078338958323,1.7185124579118565,1.7082347499672323,3.794926750008017
91,0.10357308306265622,2.1671458340715617,2.4134273749077693,4.911885624984279
92,0.14509600005112588,1.8678614160744473,1.9695224170573056,3.89024487498682
93,0.38580837508197874,2.396911917021498,2.8640336249955,4.446569500025362
94,0.33996554103214294,2.8239109170390293,2.883667125017382,4.607496041920967
95,0.27435383398551494,2.379073707968928,2.6644827080890536,4.330442667007446
96,0.09794191701803356,2.0106167499907315,1.9913422500248998,4.505035624955781
97,0.31957549997605383,1.738669791026041,1.7735793750034645,3.6015017909230664
98,0.17811570793855935,1.845229082973674,1.9213570000138134,5.031612167018466
99,0.22383841697592288,1.7857880420051515,1.9006100840633735,3.778219750034623
100,0.10525762499310076,2.2703207910526544,2.164799000020139,4.521841833018698
