"obs_sample_size","datasetNo","rmse"
200,1,1.24512617363096
200,2,0.848180797309333
200,3,2.41779331165059
200,4,0.941140838144713
200,5,0.270183048283252
200,6,1.88343469518135
200,7,1.50584142785898
200,8,0.982101864889288
200,9,0.615123574436926
200,10,0.715740769909627
200,11,1.62414369553506
200,12,0.698331429997143
200,13,0.625034017185343
200,14,0.992982722319496
200,15,1.45607039281297
200,16,1.69369814164435
200,17,0.825848012192076
200,18,1.06464065256799
200,19,1.18068821930344
200,20,1.01139131514131
200,21,1.87523233134041
200,22,1.53957334259451
200,23,1.14165057913165
200,24,0.853479951251312
200,25,0.87335238740036
200,26,2.09142151332785
200,27,0.599732137290029
200,28,1.27093174509398
200,29,1.18895695870602
200,30,0.633444760792336
200,31,0.484852035722958
200,32,0.84870525847114
200,33,1.71035410044699
200,34,1.96950697254794
200,35,0.857733272749865
200,36,0.758339444046657
200,37,0.239999564636653
200,38,0.434959809611089
200,39,0.619193469107081
200,40,0.28294251576284
200,41,0.646512395986912
200,42,0.297159533832624
200,43,0.441329070987714
200,44,0.731650205803754
200,45,2.25401366869697
200,46,0.763327612505104
200,47,0.315691143689411
200,48,0.429697774687991
200,49,0.703094606493293
200,50,1.70141821412566
500,1,1.49043946475849
500,2,1.47968909981131
500,3,2.42570899039106
500,4,1.35680798211977
500,5,1.31500555628906
500,6,0.700146722181851
500,7,1.01000772906822
500,8,0.767886835777606
500,9,1.91749606189288
500,10,2.58901359745608
500,11,0.728913030950456
500,12,2.58003918010259
500,13,0.453872287003632
500,14,0.859850470907552
500,15,1.26180159839329
500,16,1.14323948914913
500,17,1.65670422986104
500,18,1.55600829833768
500,19,0.959023232734542
500,20,1.90293319970922
500,21,0.548805231488964
500,22,0.921990574864917
500,23,2.24157015758478
500,24,0.309125213135125
500,25,1.41650798389404
500,26,0.975507912281015
500,27,0.954069780421767
500,28,1.75597183772808
500,29,1.52197342210233
500,30,0.347812328527169
500,31,0.328215551300705
500,32,1.13339838747955
500,33,0.633435248466671
500,34,1.91696116592966
500,35,0.980719835642653
500,36,0.509277969898825
500,37,0.278213638112676
500,38,0.789223330804371
500,39,0.50333842409661
500,40,2.99195519476093
500,41,1.26869555081691
500,42,0.864204686775008
500,43,0.705745881445715
500,44,1.72747459020785
500,45,0.582243738569432
500,46,1.01854780386648
500,47,2.41900833974777
500,48,0.692167596948579
500,49,1.54750398805173
500,50,1.50152387468401
1000,1,0.435400422795508
1000,2,0.935404659938838
1000,3,0.94349745135249
1000,4,1.0376790686238
1000,5,1.65863483617551
1000,6,0.914117528458877
1000,7,0.967171216743578
1000,8,0.748334771553639
1000,9,1.59866466164508
1000,10,0.932345536554272
1000,11,0.815557967241611
1000,12,0.860489061624769
1000,13,1.73945472295085
1000,14,0.731424313910457
1000,15,0.596200577826515
1000,16,1.58383022414664
1000,17,1.50177898594621
1000,18,0.487807014535298
1000,19,0.554586251892782
1000,20,0.334553176720119
1000,21,1.14487192348539
1000,22,0.753839716293429
1000,23,0.394508178280309
1000,24,0.772257547627602
1000,25,0.883638515251729
1000,26,0.534130901404787
1000,27,1.40887850906079
1000,28,0.855135522419725
1000,29,1.05999066507607
1000,30,0.851182386776363
1000,31,1.59649888753054
1000,32,0.537051253232172
1000,33,1.63746796826937
1000,34,0.359298602492855
1000,35,0.209308635702871
1000,36,1.30492370537134
1000,37,2.37789202430837
1000,38,0.590292554570601
1000,39,1.42540844409541
1000,40,2.39937767853208
1000,41,1.28003354539628
1000,42,1.03752272975875
1000,43,0.599616459918708
1000,44,0.391793178414109
1000,45,0.388443089815152
1000,46,0.525837849999485
1000,47,1.62014577846099
1000,48,0.998159534633522
1000,49,0.554953830690555
1000,50,0.894725136082819
2000,1,0.646856819760412
2000,2,0.512933604487451
2000,3,0.476544043660797
2000,4,0.324559031072791
2000,5,1.46986083599328
2000,6,0.594686107057464
2000,7,1.571831516633
2000,8,1.50140221406782
2000,9,1.63437996920316
2000,10,0.985201238000007
2000,11,2.09604646466632
2000,12,0.318296238082158
2000,13,1.562424415092
2000,14,0.805258890793875
2000,15,1.65967765813807
2000,16,1.26565568687947
2000,17,2.64262598017373
2000,18,1.33824271990485
2000,19,0.769520771976654
2000,20,1.10691370854377
2000,21,2.4667331608703
2000,22,1.52516516275973
2000,23,2.0699563463388
2000,24,0.68358370398232
2000,25,0.672180098635345
2000,26,1.33000810169306
2000,27,0.777916701675694
2000,28,1.19847035958959
2000,29,0.676962960785118
2000,30,0.608096818323954
2000,31,0.751291432136067
2000,32,0.838098868939208
2000,33,0.744460651381772
2000,34,1.29680326291618
2000,35,0.67576225022679
2000,36,2.09296317047896
2000,37,1.67631586512349
2000,38,0.685452742996058
2000,39,1.78592652735513
2000,40,1.89829592337904
2000,41,0.64089036648109
2000,42,1.38204689975192
2000,43,0.564369057423447
2000,44,1.71542628271812
2000,45,0.299485262499242
2000,46,0.746968307757628
2000,47,0.459966480835508
2000,48,1.9308126156156
2000,49,1.92457604886699
2000,50,0.629638870540523
