"obs_sample_size","rep","rmse","bias","variance"
200,1,0.418412678579838,-0.174342336579717,4.21274691434781
200,2,1.06929863458865,-0.674005044446985,6.31361169078269
200,3,0.649016948546022,-0.251785457005646,5.03428763339988
200,4,0.570960735152269,-0.287419025051215,4.72048990388366
200,5,1.0193158581824,-0.601160274317982,6.13573335920695
200,6,1.81945386768726,-0.87151004476103,10.7254718468261
200,7,0.546019926406681,-0.252443402710153,4.44929541950763
200,8,1.17693307828705,-0.694346737421546,6.90059411939535
200,9,0.741814513042866,-0.281309245662848,5.59400239421657
200,10,0.616469825401333,-0.296459837727078,4.90934486101232
200,11,1.23713177022801,-0.599279411968491,7.34468139263417
200,12,1.69989570569803,-0.982228478822227,9.42145425097431
200,13,1.69434273786937,-1.02693336735189,9.11201689557762
200,14,1.65958615597479,-0.867613221020242,9.47541221821903
200,15,0.834602652325785,-0.439111611599954,5.71991735396106
200,16,1.33438204998927,-0.853075844521442,7.25302486814777
200,17,1.29670817077002,-0.508430404832649,8.27168095908065
200,18,1.30703521486173,-0.761621543854973,7.49655132863658
200,19,0.945414437233018,-0.619007026234276,5.73690337101232
200,20,0.483156367842748,-0.174608874586233,4.55888723778189
200,21,0.43500013835769,-0.265897867606822,4.05501314931866
200,22,1.23056500903827,-0.713021320045587,7.18071437445586
200,23,1.22310426948524,-0.763728932298073,6.81064747902329
200,24,1.37566961169268,-0.633803992494404,8.28513139535439
200,25,0.884326174758121,-0.413670307466566,6.07356748996228
200,26,1.0861979953672,-0.585431654566474,6.75960136796135
200,27,0.763607431744597,-0.214003611281329,5.72072043602985
200,28,1.03879276519443,-0.668597898674656,6.14162771460095
200,29,1.23098969706172,-0.578747270300491,7.5574199762281
200,30,1.66055329341366,-0.908511033565839,9.03539200707124
200,31,0.876982770250982,-0.538378592343652,5.54611085051775
200,32,0.744965299009522,-0.468055338830965,4.97519192078845
200,33,1.75165635630302,-0.986465976035316,9.63675177757275
200,34,1.03848172981765,-0.598959121879534,6.40831745176378
200,35,1.7259768180922,-0.97375663938127,9.42079045852419
200,36,1.11475406969057,-0.547478415483663,6.94867231184098
200,37,1.12943998654012,-0.674614340592191,6.68247555411336
200,38,1.76326367950345,-0.960597940411137,9.9405252763628
200,39,2.21303660431102,-1.22455857944142,12.3847904863472
200,40,1.16440335332083,-0.605895373848751,7.11200665438699
200,41,1.20590060423233,-0.741729991443064,6.83361982815739
200,42,0.656005303762198,-0.245103646878498,5.25943587587359
200,43,0.848006486976034,-0.343383006205108,5.9859991712777
200,44,0.521219049559932,-0.289394556401083,4.48385510744203
200,45,1.49218372914942,-0.723526409985264,8.76684843342982
200,46,1.07565725931227,-0.354417063939404,7.22984663719703
200,47,0.958201526978106,-0.52148063266096,6.15748400637982
200,48,0.984508323121887,-0.508013891169681,6.35426841574476
200,49,0.500433767606679,-0.291733458566229,4.01015275108497
200,50,0.165232506861268,-0.0902421244656517,3.22623762777052
500,1,1.35207286319589,-0.815860591243811,7.56539035017806
500,2,1.34244432594234,-0.684759747063136,8.05210082460766
500,3,0.86102996179763,-0.478815622647721,5.76297718105614
500,4,1.22596803432991,-0.577142456617935,7.58488508044559
500,5,1.12071854715082,-0.708247452080105,6.5206713446079
500,6,1.48057284093705,-0.722493547868007,8.7219340819837
500,7,1.17020673483849,-0.741280399080658,6.50402077614824
500,8,1.51858041339395,-0.901353742623132,8.34227410921787
500,9,0.658965094512668,-0.331969965131894,5.01551696323042
500,10,0.584722627755236,-0.284056776101571,4.81397676124387
500,11,2.58918154164232,-1.45723019546455,14.3433760053887
500,12,1.46838866773159,-0.539191084538584,9.27536087527476
500,13,0.761023895920416,-0.492786845885863,5.11988227661274
500,14,1.54518546392154,-0.740119847338208,9.15374752272479
500,15,1.99399430653151,-1.16425873613962,10.7583217788008
500,16,1.51881731609097,-0.954472897040317,8.21125100615583
500,17,1.50953651601153,-0.863071506590536,8.34711028596098
500,18,1.80962319020742,-1.06081514447583,9.86093677501007
500,19,1.60732780266937,-0.82023270563053,9.36947847971912
500,20,2.41460846532742,-1.46817355592631,12.655062511317
500,21,1.60346142415835,-0.911704913796546,8.86790552833141
500,22,1.28771275482497,-0.786819765669423,7.26784512063186
500,23,0.900350737325178,-0.344813442515118,6.31871527563244
500,24,1.4828389674725,-0.993912103638669,7.74228249640639
500,25,1.47090132895096,-0.830339599455516,8.21148746521525
500,26,1.17748812089948,-0.639590710798766,7.00473754777802
500,27,0.843117614890987,-0.479126921255673,5.62523524458594
500,28,1.81745588313333,-0.849169057663438,10.7320937631546
500,29,1.73184342066092,-1.024917915526,9.44919374106384
500,30,0.81281456940254,-0.340592849602949,5.86971585844402
500,31,1.65354562963162,-0.759250430247999,9.86703413122353
500,32,1.50428167687923,-0.873223965137741,8.43806911369829
500,33,1.5754118517497,-0.801793079543671,9.0612081688803
500,34,0.941599049751627,-0.553630080101342,5.97394190462279
500,35,1.38716244066783,-0.768154722656754,8.02142005841623
500,36,1.43445429215093,-0.862668729571456,7.81963031772997
500,37,0.467902842864338,-0.00661970494291743,4.63407887933046
500,38,2.28704807633691,-1.32157714291715,12.3451734495081
500,39,1.94809781715453,-1.1361378298056,10.3810456067052
500,40,1.68336092532085,-0.967832030506016,9.2174781080993
500,41,1.83378627478193,-0.909878396006864,10.6685929172378
500,42,0.681690554320767,-0.258624730601963,5.13133743942939
500,43,1.80375905399556,-0.92559546906075,10.2354298115032
500,44,1.47169792167316,-0.800951698133657,8.2029041177783
500,45,1.07366431580123,-0.3934015862211,7.20370417524427
500,46,1.1255679386222,-0.682219665760533,6.45726790686607
500,47,1.42254559914939,-0.808477484236296,8.07088472930717
500,48,0.861848534537253,-0.575498338837323,5.41125909024791
500,49,1.86830084313612,-1.05233891829745,10.3373833445273
500,50,1.63375384542875,-0.811479004401377,9.49145291439576
1000,1,1.57854495080367,-0.843742060688903,8.90925890558214
1000,2,1.70720474567047,-1.16376198869436,8.3965826378612
1000,3,1.93399656142422,-1.22716746922355,10.0534914078909
1000,4,1.17665130128294,-0.704083329061085,6.90314626524978
1000,5,1.60420818976262,-0.959176465396623,8.74844146239962
1000,6,1.37782343275249,-0.914093990755263,7.36046122047716
1000,7,1.03744371315062,-0.50991418820587,6.69875921719665
1000,8,1.9296384460994,-1.25420490318522,9.56143637721292
1000,9,1.02105599161288,-0.390872669519384,6.90225382460186
1000,10,1.12289622740736,-0.617901923022173,6.80385489910913
1000,11,2.08086219238389,-1.14815124886537,11.501662091115
1000,12,1.68614996508014,-0.80861073572326,9.94817133133788
1000,13,1.94074609065536,-1.15991659833843,10.0093479484364
1000,14,2.00480411020172,-1.11516261697821,11.0154355309466
1000,15,1.40568293143999,-0.826066418382214,7.91113673248544
1000,16,1.86154220601051,-1.19909825299682,9.55057071197883
1000,17,1.6558688225823,-0.893614139809866,9.40967561219521
1000,18,2.0968410744072,-1.29012582564903,10.8341797749639
1000,19,1.09208361412358,-0.411873977369978,7.23277031443303
1000,20,1.50588801775265,-0.805852966569386,8.70660488662479
1000,21,1.6448725895104,-0.898701389551399,9.28320743413315
1000,22,1.24355349368379,-0.71901749616352,7.2726463794548
1000,23,1.61926205724876,-0.888109247735827,9.10785428531425
1000,24,1.68585091012423,-0.803900084744284,9.69117220899605
1000,25,1.04912504716612,-0.475671518039981,6.85013015571376
1000,26,1.44555512429594,-0.915942751647813,7.82406208174498
1000,27,1.62280847632725,-1.03008050639247,8.42992023061646
1000,28,1.95769350315907,-1.13126970987264,10.6107643095536
1000,29,1.30248404413114,-0.728300099569798,7.57361360838548
1000,30,1.69083538203006,-0.947557867182169,9.41613845011435
1000,31,1.6988527033392,-0.944976573981552,9.50290428440843
1000,32,1.69058398844638,-1.05593834774876,8.82225777149512
1000,33,1.98108746655834,-1.3383394660003,9.64744309074135
1000,34,1.44206000997242,-0.69517184638092,8.65518591333262
1000,35,1.61817253383863,-0.87988321486903,9.08117399336655
1000,36,1.52777864262018,-0.823289283384174,8.74423103886953
1000,37,0.643146858537897,-0.0447055733950696,5.40200170836794
1000,38,1.69403865276965,-0.913764963659171,9.50985533720474
1000,39,1.62435311215643,-0.810776260631819,9.29188453890668
1000,40,1.44907233481958,-0.830976295525523,8.05742404695843
1000,41,1.53563420055115,-0.883571344293197,8.55090160778963
1000,42,1.57586105759901,-0.809997308751256,9.11802304220486
1000,43,1.69324319280264,-0.81874860070685,9.96854820221942
1000,44,1.42947765558465,-0.710312061269375,8.52031623073461
1000,45,1.47172628365892,-0.963302373946194,7.82535922378626
1000,46,1.25493677112242,-0.706883035248391,7.3128104200424
1000,47,1.70114003437009,-0.903370602017191,9.59339077537843
1000,48,1.2590995814116,-0.671652780008673,7.54740450183741
1000,49,1.47328808961778,-0.683211962294472,8.7878449499804
1000,50,1.43183644173043,-0.713302939682492,8.5012991871659
2000,1,0.852028807996081,-0.189645597057959,6.28740875773707
2000,2,1.68562015468476,-0.985028850469775,9.17774129719869
2000,3,2.03306534092812,-1.31288735344007,10.1822879934882
2000,4,1.73682667848287,-0.975528985628089,9.66067600512702
2000,5,1.80972758616133,-1.07098338580021,9.74577021725692
2000,6,1.91777377117492,-1.24684133575739,9.73343850286427
2000,7,1.49208534876179,-0.754603824567828,8.78908078010172
2000,8,1.71120756585732,-1.03514004864368,9.19695236271323
2000,9,1.44857895597203,-0.64536916343911,8.85878345820474
2000,10,1.01113456463478,-0.4430066529084,6.72441343505843
2000,11,1.84488844854999,-1.15582413882116,9.61466611621823
2000,12,1.84770590656122,-1.02195232010317,10.1462731183856
2000,13,1.51633184145281,-0.746085345885035,8.90647884022059
2000,14,1.7907420524561,-0.999881342759316,9.82015106935348
2000,15,1.61259841442993,-0.955651237150474,8.77998655498509
2000,16,1.98851614523077,-1.10834333018805,10.9663732052721
2000,17,0.89540148449044,-0.324043346016677,6.34418635981147
2000,18,1.65811801711768,-1.06254770818041,8.72087816180294
2000,19,1.79011228346625,-1.1059716191181,9.52792168245044
2000,20,1.73445079922451,-1.21484791149956,8.44582381971835
2000,21,1.51194564412488,-0.783568543521713,8.82774329449504
2000,22,1.66828697370274,-0.989808319603215,9.11890974472007
2000,23,1.79979796308091,-0.925751014507963,10.2189153587457
2000,24,1.74348963436106,-0.968224143691092,9.7633703811595
2000,25,1.133867222919,-0.370065927435121,7.59949144364556
2000,26,1.84256009246685,-0.97343426839648,10.4909609788754
2000,27,1.16785780847852,-0.49658775542965,7.51842715902986
2000,28,1.30462905151108,-0.531590917833651,8.26008316473778
2000,29,1.4088758963675,-0.73521479771303,8.16486699401716
2000,30,1.15282292792101,-0.633832168317169,7.00902896933308
2000,31,1.50775457028122,-0.855713327951614,8.50687829428127
2000,32,1.42346104626054,-0.854811210429355,7.94576620148817
2000,33,1.48883834739999,-0.596547186308378,9.16568360367926
2000,34,2.63677244427694,-1.59764924403837,13.7607144603347
2000,35,1.99510651203358,-1.16548162799134,10.7830065309322
2000,36,1.60829304652894,-1.05549002323614,8.38083216909011
2000,37,1.77561967864671,-0.98824354822234,9.79173420505501
2000,38,1.4309641314704,-0.80024254550228,8.15507103155854
2000,39,1.37936135311107,-0.766203905319417,7.94802672247073
2000,40,1.25464499671673,-0.715198664882049,7.36647313632409
2000,41,1.85416350762113,-1.01273982824884,10.2746177099053
2000,42,1.40235558450834,-0.764822807767021,8.16357401045891
2000,43,1.37033647488665,-0.694457191924645,8.19184451631657
2000,44,1.79625109706954,-0.9172533731089,10.2080899486308
2000,45,1.37801389789946,-0.698384560344835,8.2050217133607
2000,46,1.58238873002581,-0.838591683942907,9.09379168984638
2000,47,1.22488397590729,-0.565163863294726,7.65894111465879
2000,48,1.47229959532135,-0.774039719219813,8.48816257964828
2000,49,1.43042436954571,-0.931043746856268,7.64368341513979
2000,50,1.68007258513789,-1.09302001247178,8.73778529471328
