obs_sample_size,rep,best_rho,rmse,bias,variance
200,1,0.0,1.3404251000936058,-0.6254246147434595,0.8024625413500256
200,2,0.0,1.322713576725451,-0.48544579763655216,0.6059208377707075
200,3,0.0,0.5433164009687013,-0.2933900119143231,1.870007109399236
200,4,0.0,0.2308161582742236,0.03526277468159623,3.2726793266077947
200,5,0.0,0.5271758484723509,-0.11487693428440368,1.6931795803459564
200,6,0.0,0.5031535440139582,0.15212351775470837,4.274346508476688
200,7,0.0,0.8862913336424215,0.5051353768056529,5.260002477445178
200,8,0.0,1.3394659804914155,-0.6546717095745207,0.37244778536510204
200,9,0.0,2.7666623775622554,-1.4889964984312596,1.1483934935698414
200,10,0.0,2.6222535519450525,-1.4919167202069459,0.4977727162697115
200,11,0.0,2.2348970002985853,-1.2824866559069106,0.1666275678171808
200,12,0.0,0.34151589350213285,-0.05631019470333048,2.3730870438215033
200,13,0.0,0.2068290073133844,0.028530404512492506,2.6095450379537124
200,14,0.0,1.8540846889853715,-0.8193070324992461,0.5764226164223668
200,15,0.0,2.815871044668782,-1.6229846717129848,0.8991084435582675
200,16,0.0,0.9811880579550301,-0.2860373337063066,0.9389218282509647
200,17,0.0,0.46707601697964646,0.0552981971476581,4.421453869957116
200,18,0.0,0.7077011783607672,-0.13613817299673964,1.5121179867017385
200,19,0.0,0.5380221329464454,-0.12848155332310415,1.575791188848684
200,20,0.0,1.055254618582895,-0.651392795934782,0.9422644817959231
200,21,0.0,1.8743802198807487,-0.873931052196685,0.38411007721356516
200,22,0.0,1.5267871077457964,-0.45544057689701434,1.0605688537152664
200,23,0.0,0.5801123188123587,0.3072081710625641,3.200843121825129
200,24,0.0,0.19040872892178792,-0.134934920595566,2.9862320352545204
200,25,0.0,1.3017348245290359,-0.5648926158922482,0.9087887622954516
200,26,0.0,2.8532286117530967,-1.5376106551237396,0.9772844882001693
200,27,0.0,0.8852924159155967,-0.5306683174022572,1.284586160647486
200,28,0.0,0.44062586791291153,0.3401904985034255,3.585685339452596
200,29,0.0,1.951913205471843,-0.8133543892497214,0.9243990467233456
200,30,0.0,1.2602115592197318,-0.6003327081757346,0.5145266183326438
200,31,0.0,0.1749587454047054,0.0569590384216027,2.6354855773776142
200,32,0.0,0.6303132315932082,-0.22468396083019926,1.3048373859368487
200,33,0.0,0.19473498967040767,0.06177217670283214,2.7949866249803175
200,34,0.0,0.5201290336013548,0.31155052294156416,3.8872479046764044
200,35,0.0,0.4761130639651425,0.1966856090711582,3.1936304490853624
200,36,0.0,0.47668354088613296,-0.28839599172680375,1.9183282415410257
200,37,0.0,1.1628112882897317,-0.45420775768433,0.9367442985468925
200,38,0.0,0.22650481759629026,0.03687618926428975,2.789891568722752
200,39,0.0,0.5377915378237734,-0.2578341244305222,1.7410489143125072
200,40,0.0,0.6840450382332053,-0.36986606021027696,1.3719344699771627
200,41,0.0,2.55874371243849,-1.2861349898907157,0.6733172759728464
200,42,0.0,0.5619316716238113,-0.2892477368944717,1.907213671944197
200,43,0.0,2.3519621608139976,-1.33632988926137,0.37932043601123705
200,44,0.0,0.823803213310374,-0.40178917822577154,1.1114412162779608
200,45,0.0,0.9899373381278477,-0.5607228166183422,0.9422902636084116
200,46,0.0,2.5301630911535944,-1.5329009494696437,0.40754108589629306
200,47,0.0,0.19980197026726246,0.09459418779739867,3.2253831847153345
200,48,0.0,0.3797945306736205,-0.10609423924205268,2.242946047715921
200,49,0.0,0.9290149040140282,-0.2823391663874598,1.281125707743937
200,50,0.0,1.360145437158961,-0.682888024555076,0.42647939318730743
500,1,0.2,0.33258263029945223,0.11802180904567436,2.474370501649056
500,2,0.2,1.0060771226808625,-0.4370340379986725,1.2173064412735557
500,3,0.2,2.2944851622094924,-1.1212371597510717,0.8527845156207459
500,4,0.2,0.8595309172956305,0.3957019054976455,5.900640789164067
500,5,0.2,1.6277539893624384,-0.7041070986672363,0.40002923439030713
500,6,0.2,0.6074905709699052,0.20845144150405995,3.9886254569374358
500,7,0.2,0.4373722774799482,0.0861724809273456,2.131807614537432
500,8,0.2,0.18501278480037012,0.08197044565204673,2.4733571957751628
500,9,0.2,1.6006331936028337,-0.945964409353345,0.23487219814692897
500,10,0.2,0.38003953386564876,0.16562396040057104,3.489432566156529
500,11,0.2,0.9829868088485861,-0.3676906242161586,0.9946770372447706
500,12,0.2,0.38431702117954103,-0.09326393820978804,4.043899620013307
500,13,0.2,1.3791253392677054,-0.5767529928591093,0.4698278093981222
500,14,0.2,1.0204656395478693,-0.5213494156212971,1.1062636805971247
500,15,0.2,0.42504039241307345,-0.06480750389363776,1.8963014137602165
500,16,0.2,0.2811410520467057,0.09607228281936672,2.4653800937971817
500,17,0.2,0.8785611087332145,-0.5188549824654587,1.1359035805202409
500,18,0.2,1.6351876432118018,-0.7062267796748283,0.2734858532384872
500,19,0.2,1.5361806222480991,-0.856730743356004,0.47489597015470825
500,20,0.2,1.2740048746773915,-0.4401677510512031,0.49235515133615365
500,21,0.2,0.5992067842816393,-0.21808371993018344,1.5165009132892884
500,22,0.2,0.9683876790970005,-0.43474808877236937,0.7596032928770835
500,23,0.2,1.0215256751368504,-0.6677472331891171,0.960504244193965
500,24,0.2,0.5866128345650634,0.4883685116532483,3.996937637450403
500,25,0.2,0.2930065365671942,-0.003641737731495855,2.4288194766414786
500,26,0.2,1.4667026271514145,-0.6945347046890024,0.34891582198689103
500,27,0.2,0.43099687975300816,-0.09872384445695101,2.127947313366974
500,28,0.2,0.9967124922024134,-0.5784734200504672,1.1360988136418453
500,29,0.2,2.056603216246802,-0.8984950190434903,0.6411745669819823
500,30,0.2,1.0772336598831018,-0.6152657941199048,0.9492263172618871
500,31,0.2,0.9874031627466169,-0.6421669047248293,1.1051380980252594
500,32,0.2,2.424369199099858,-1.188887072310614,0.6366047424544845
500,33,0.2,1.6567383520783299,-0.8202632635875285,0.4006147584048484
500,34,0.2,0.8195767089087079,-0.38158288221758707,1.0841332251470797
500,35,0.2,0.5331644627567521,0.05707117813737649,2.6104349759482446
500,36,0.2,2.5894575907400417,-1.286318120286731,0.6311775526143429
500,37,0.2,1.0150898361671004,-0.7173808737887821,1.1895025832648054
500,38,0.2,1.8044593749733568,-0.842260497117038,0.1329574485136797
500,39,0.2,1.144984291359189,-0.4381530987236189,0.6091191676530593
500,40,0.2,1.9837331840984578,-0.8748432900948696,0.6456516298229301
500,41,0.2,0.47972419946501993,-0.32291260152411483,1.9449726806836032
500,42,0.2,0.37893498916210866,-0.1913995762089303,2.1969711244619208
500,43,0.2,0.324777676294963,-0.21053640859011413,2.1363911363735424
500,44,0.2,1.778825792457128,-0.9310461589265903,0.10116730672193301
500,45,0.2,1.364629916822704,-0.8523660228422549,0.7593245664205897
500,46,0.2,1.7375214026587698,-0.809322439700506,0.12709716851202285
500,47,0.2,0.6402502417620407,-0.3003066615408173,1.8236191943515263
500,48,0.2,0.4878773400094317,-0.12351550730031148,1.7633448873023385
500,49,0.2,2.401754449863693,-1.1316451039254591,0.7402110170249016
500,50,0.2,0.3768655605228256,0.0442169508418164,3.1898097006770714
1000,1,0.9,0.16639295760824505,-0.015137302360251329,2.512707737392772
1000,2,0.9,0.46981770531997696,0.0015709262080681628,1.5203761053163558
1000,3,0.9,0.2509568007813634,0.19559900020564333,2.640951745660168
1000,4,0.9,0.6532415261311543,-0.24099983678943335,1.3519632151519347
1000,5,0.9,1.3884947711281597,-0.3402197012075532,1.0726529273601242
1000,6,0.9,0.30588821387723886,0.0328054340245978,2.122736558957765
1000,7,0.9,0.2957298403640383,-0.21475681950428294,2.3561812880302027
1000,8,0.9,1.1667223996865501,0.8065055578806718,6.012710736717349
1000,9,0.9,1.1563190424861007,-0.7621520344726206,1.1024883443145177
1000,10,0.9,2.4316669404703,-1.2420350819225991,0.6095274709268369
1000,11,0.9,1.2243565399828193,0.6758698116859945,7.113875041377333
1000,12,0.9,0.6925087005316759,0.28362029933069255,5.262996309016446
1000,13,0.9,0.7678925984842221,0.4760629261813462,4.317096817721888
1000,14,0.9,0.8936668286940126,-0.30166025879391845,1.1441402671455627
1000,15,0.9,0.9419196710972249,-0.3636516353226182,0.9051560653666767
1000,16,0.9,0.902981660908216,0.6835246770132686,5.040560249632975
1000,17,0.9,0.4171031507541487,-0.22371483015076774,1.8770054740737172
1000,18,0.9,0.26567754133242244,0.17249987200611774,3.0287544872383614
1000,19,0.9,0.8792526603813171,-0.515638237037984,1.4421824971640105
1000,20,0.9,0.46288749398369716,-0.18077260590287983,1.9453527346075163
1000,21,0.9,2.2897106654774166,-1.1881793772665925,0.5535901562137461
1000,22,0.9,0.7740256892288314,-0.3037567326683585,1.1873341565057975
1000,23,0.9,0.19862611087180118,0.0861842758335489,3.046893337883038
1000,24,0.9,2.3779265000307266,-1.3444618704405096,0.3091765958342728
1000,25,0.9,1.0920095886346968,-0.5529156657171959,0.74094912214762
1000,26,0.9,0.7588963797293858,-0.26954094870952244,1.1214058797268933
1000,27,0.9,0.9529862111585627,-0.3156489836975304,0.66927387118408
1000,28,0.9,0.3565072765311599,-0.05469883642841961,1.9560484644428995
1000,29,0.9,0.9305303842857651,-0.39390724815114664,0.9946083435835894
1000,30,0.9,0.8534377020537709,0.4863673624552992,5.568907591231288
1000,31,0.9,0.7673338012820878,-0.22476158819916825,1.4549157187181336
1000,32,0.9,0.3858420519939401,-0.017976467275111884,1.7238227715266878
1000,33,0.9,0.39756260278986627,0.3220819600944168,2.415479045809589
1000,34,0.9,0.2724581116788723,0.04834837152753745,3.753037856221471
1000,35,0.9,0.15854771823200434,0.03948641294331516,3.196695196198494
1000,36,0.9,0.22881300084907893,-0.009664591589900096,2.908661346725399
1000,37,0.9,1.8878773228004613,-1.2968078332072184,0.45447539593052855
1000,38,0.9,1.3775140861108226,-0.6499047347026478,0.44979559855329
1000,39,0.9,0.7646918265174182,-0.49292698225702597,1.226798610446492
1000,40,0.9,1.2674651431811053,-0.5013540167381434,0.5374132157665159
1000,41,0.9,0.2798697335675694,0.04236977430954266,2.5288317482732654
1000,42,0.9,2.162813921122226,-1.1919119523509536,0.26540565730456706
1000,43,0.9,1.1868735519660678,-0.7422270324332894,0.6994316403818694
1000,44,0.9,0.2298892066866834,-0.010220472276062048,3.477817547985563
1000,45,0.9,3.059472425639986,-1.4778542266760037,1.5914284703327584
1000,46,0.9,0.1502381680362397,-0.03490062219525505,2.549851813257401
1000,47,0.9,0.5438422690688709,-0.3020485143170869,1.5427645368011642
1000,48,0.9,1.922559266010822,-1.026023413455156,0.2592785905007955
1000,49,0.9,1.7502014409686586,-0.9935957815823881,0.3265816712641668
1000,50,0.9,1.3159561358119423,-0.6922317958424307,0.6936633261656457
2000,1,0.5,0.42231896965209736,-0.24713441886613777,3.1656927546134472
2000,2,0.5,0.15662454503034873,0.07785086716021315,2.525717028651976
2000,3,0.5,1.312397471594543,-0.3855687950677459,0.3220092193758946
2000,4,0.5,1.8038574137633894,-0.8787741094063864,0.33185295400772596
2000,5,0.5,0.3479373789897467,-0.05864784031205117,1.816973714501007
2000,6,0.5,0.32128357772076793,0.31561160157546,2.8879348080288563
2000,7,0.5,0.3776194062006774,-0.0713547153419913,2.504823946747262
2000,8,0.5,1.2532612929304434,-0.5386583330392534,0.4422364768062585
2000,9,0.5,0.6306208443810344,0.2224656395837618,5.14245675563606
2000,10,0.5,0.7160998909071902,-0.4494636918247992,1.685078902582183
2000,11,0.5,0.3149900601642619,0.15590513947468923,3.1201204501799826
2000,12,0.5,0.5349997667890247,-0.21747950668372754,1.5880586710501488
2000,13,0.5,0.5308164421781647,-0.3779867933056231,2.0288869168516555
2000,14,0.5,0.362395132209088,0.18370585903017514,3.605958476925676
2000,15,0.5,0.3156835345367094,0.17311456566502187,2.8929153094030893
2000,16,0.5,0.7056391652081395,-0.35402633828296104,1.2425888873002748
2000,17,0.5,1.396752295724986,-0.8914906148883278,0.7424281217929999
2000,18,0.5,0.3545705660705906,0.016394937169662456,1.9960990265255778
2000,19,0.5,1.3354401176807518,-0.5348471466742818,0.5766002215671862
2000,20,0.5,1.061792601026305,-0.10011968095568421,0.8448273237121016
2000,21,0.5,1.827956410737748,-1.019312242788894,0.2605388509074727
2000,22,0.5,0.7816491149327864,0.5208350616202552,5.034128906868711
2000,23,0.5,1.654799564674428,-0.46959255168072833,1.4561639296914954
2000,24,0.5,2.0221464538281437,-1.0103194021559185,0.2993751486967501
2000,25,0.5,0.3442863973515197,-0.13760371460046503,3.541280346180702
2000,26,0.5,1.3023807645444037,0.7073142519298241,7.629072045751792
2000,27,0.5,0.37774316268786107,0.03083333016256554,4.055137841570638
2000,28,0.5,0.6086694277859568,0.1372753819086578,5.154318842484614
2000,29,0.5,0.16834940333855303,-0.0912236692769484,2.4857163315685833
2000,30,0.5,1.7959917383150408,-0.8640640031076657,0.49197249891505274
2000,31,0.5,1.6290024496948903,-0.5558502545231282,0.9720389338985708
2000,32,0.5,1.5301300280865275,-0.690468635978432,0.34097252787993554
2000,33,0.5,0.3658294040293203,-0.05725737935238961,4.043179568027583
2000,34,0.5,0.9080822763548159,-0.13076660101833046,1.1361081376834403
2000,35,0.5,2.3843261657786123,-1.1775101273246438,0.6190921667272206
2000,36,0.5,1.7406811926772414,1.1662725999641728,8.813154220959424
2000,37,0.5,0.7742928827341589,0.4425244826631338,5.131408233893433
2000,38,0.5,0.9028184464979767,0.5428555157521886,5.701655332494784
2000,39,0.5,1.6768215355487721,-0.8562232067443697,0.2802844775518285
2000,40,0.5,0.18665749401479967,-0.0016866808505648643,2.7653015847056186
2000,41,0.5,0.31011419154421566,0.13117468003854782,3.7072697286211276
2000,42,0.5,0.3742538656662574,0.17087628384358344,3.9265119327841074
2000,43,0.5,0.7886179464738354,0.3747800003182912,5.648576043490752
2000,44,0.5,1.7606131343489995,-0.9839994593311787,0.2285162976872995
2000,45,0.5,0.2834233606512177,0.009779894458983475,3.7357326259421666
2000,46,0.5,3.115303637920492,-1.7584776831651394,1.1772710931608508
2000,47,0.5,0.2818583171837863,-0.21077165809126422,2.4773849512188724
2000,48,0.5,1.1301729621161782,0.6023967441243799,6.804637914780486
2000,49,0.5,0.8589875004028189,-0.33713974943403463,1.0992789549513937
2000,50,0.5,0.54877771481704,0.44804572129889264,3.9591302728878994
