mse_ICM,mse_GPobs,mse_GPexp,coverage_prob_ICM_95,coverage_prob_ICM_90,coverage_prob_GPobs_95,coverage_prob_GPobs_90,coverage_prob_GPexp_95,coverage_prob_GPexp_90,length_ICM90,length_ICM95,length_GPobs90,length_GPobs95,length_GPexp90,length_GPexp95
0.012182979396735313,2.374995993057657,0.48344434588197566,1.0,1.0,0.0,0.0,1.0,1.0,5.928416376279566,7.063645044077781,1.3182483233735143,1.5706788533812084,8.987350289374378,10.70833225968011
0.16589370484718338,0.29711995259461327,5.250714205256681,1.0,1.0,1.0,1.0,1.0,1.0,6.109774949811769,7.279731855094873,1.3968037349629279,1.6642767905941263,8.54706843414058,10.183741113018563
0.059450051941765295,2.137280263789724,0.03352912741982187,1.0,1.0,0.0,0.0,1.0,1.0,6.118045419710153,7.289586031995075,1.2860343476025955,1.532296243952029,8.384706197723323,9.990288235585236
1.3103419359348907,0.23090836501034664,3.6806696392593943,1.0,1.0,1.0,1.0,1.0,1.0,5.943283376980657,7.081358917253548,1.3291882766920269,1.583713691377734,8.947837128135648,10.661252748416942
0.06650659474688908,2.8050097093205477,0.2741250491498064,1.0,1.0,0.0,0.0,1.0,1.0,5.791507218247908,6.900519238763463,1.1954975715851388,1.4244226384844207,8.512280431000836,10.142291577362696
1.2009262614432885,0.6619307266880521,0.26285495848660645,1.0,1.0,0.0,0.0,1.0,1.0,6.409446598769021,7.636787436831174,1.2360223868750815,1.4727075247873307,10.260315805358939,12.225057129789374
0.05516053769501398,0.8342448374121106,0.19841003958554432,1.0,1.0,0.0,0.0,1.0,1.0,5.940888230112371,7.078505125240271,1.4138347252863195,1.6845690343837,9.146716239496428,10.898215093868084
0.306042856426047,1.8817254870267868,0.26861404911673137,1.0,1.0,0.0,0.0,1.0,1.0,5.840558247974549,6.958963018863292,1.2526826915079337,1.4925581005200907,8.492788655823194,10.119067334597847
0.19624699304789556,1.888059448623525,0.6153596079688614,1.0,1.0,0.0,0.0,1.0,1.0,5.956588332895807,7.097211630684365,1.2607183877254933,1.502132547077184,9.163501975446493,10.918215119680927
0.00759319094507957,1.0766116581410057,1.013330802842069,1.0,1.0,0.0,0.0,1.0,1.0,6.101942468416297,7.270399536836438,1.1742164056746116,1.3990663556974097,9.270830313871357,11.04609569312332
0.7059760971312173,3.8167705243695655,7.892620809114365,1.0,1.0,0.0,0.0,1.0,1.0,5.799269994313955,6.909768503863436,1.0946816379396265,1.3043015260557258,8.769227556203884,10.448441343562074
1.4819536688822037,2.8087226294551475,14.089464936390739,1.0,1.0,0.0,0.0,1.0,1.0,5.883847911371486,7.01054219227241,1.2676198199233877,1.5103555301214828,8.705295800179092,10.372267336383599
0.23634404667396833,3.266535251706615,6.572891533806545,1.0,1.0,0.0,0.0,1.0,1.0,5.8319299820648745,6.9486825318219765,1.5058378756182074,1.7941898092472255,8.439117156845857,10.055118314539744
0.674631461644587,0.6189698821151668,25.717962109025247,1.0,1.0,1.0,0.0,1.0,0.0,6.074994119971205,7.23829086634867,1.344814052225983,1.602331636694788,9.72470177781899,11.586878713997095
0.4424349975311107,1.0362386543396294,2.889917909195589,1.0,1.0,0.0,0.0,1.0,1.0,6.2230822695680565,7.414736321187471,1.2902121644445295,1.5372740682743322,9.318711107772387,11.103145149686249
1.131091183683471,1.418042150143869,0.9370710722842172,1.0,1.0,0.0,0.0,1.0,1.0,6.194715228441147,7.380937293461791,1.2457818285675826,1.4843357957400984,8.95173800896126,10.665900606421928
10.009267355059379,2.773915857528455,13.744273142145307,1.0,0.0,0.0,0.0,1.0,1.0,6.025933758041731,7.1798359670284455,1.2706163428033665,1.5139258552550743,8.394045620475872,10.00141605843934
0.8725746153326485,1.878428022926117,10.90530296023553,1.0,1.0,0.0,0.0,1.0,1.0,6.231428714160091,7.424681021126917,1.339944307486384,1.5965293876433506,8.827417896185109,10.517774514603534
0.06988683528078647,1.0320548979675765,0.022692045135040178,1.0,1.0,0.0,0.0,1.0,1.0,6.155900134010263,7.33468952137393,1.3734861507376088,1.6364941370490662,9.243225336061423,11.013204655732759
0.5358370197309102,1.4930557310567847,0.28401653568799173,1.0,1.0,0.0,0.0,1.0,1.0,6.241896135443293,7.437152842230304,1.2443458408090926,1.4826248316023234,9.092469499034227,10.833580679700356
0.2710879517643746,1.1356494907568828,1.1498034145638876,1.0,1.0,0.0,0.0,1.0,1.0,6.059663043294934,7.220024051585455,1.376948492708868,1.6406194806743954,8.61102369776111,10.259943129247281
7.074606848713491,2.6192955994024243,4.796887725226564,1.0,1.0,0.0,0.0,1.0,1.0,6.052762974861533,7.211802693452038,1.5933131183754559,1.8984156304047985,8.46116748187574,10.081391042234923
0.16363958954942365,2.109534268399727,8.72015900745293,1.0,1.0,0.0,0.0,1.0,1.0,6.27607355445674,7.477874873395264,1.3696445293623274,1.6319168860487299,9.207636785400389,10.970801276221739
1.4116170951353018,2.0776428811513643,2.130490235567151,1.0,1.0,0.0,0.0,1.0,1.0,5.88138404958521,7.007606527165358,1.5442903022463241,1.8400054665062586,8.399814458669777,10.008289567776755
0.32704230634343245,2.9840977693174726,4.675941518531602,1.0,1.0,0.0,0.0,1.0,1.0,5.914038717622219,7.046514216741366,1.2520978116134351,1.491861222347922,8.981434268606751,10.701283383871875
2.774448037122469,0.6519591875899136,14.417766894516049,1.0,1.0,0.0,0.0,1.0,1.0,6.229103501735807,7.421910555259685,1.275172729664761,1.5193547417282254,9.465245428330364,11.277739233755327
1.5067964809143202,1.5621801677146057,7.654070126733598,1.0,1.0,0.0,0.0,1.0,1.0,6.326282203552722,7.537697944658564,1.2892858283957072,1.5361703487267997,9.940447120858892,11.84393699506591
0.911813820734672,2.20546585326981,0.824438387425561,1.0,1.0,0.0,0.0,1.0,1.0,6.525937193726245,7.775584741461056,1.2976736057193374,1.5461642961762312,10.438575478948469,12.437451634491794
0.14123312540019703,2.7475927721886877,11.721161887296311,1.0,1.0,0.0,0.0,1.0,1.0,6.49837519501029,7.742744913203751,1.302769866156507,1.552236436271583,9.683350247075548,11.537608805026185
2.775958128841565,0.5135626101240846,3.886832636834549,1.0,1.0,1.0,0.0,1.0,1.0,6.025957446661405,7.17986419176678,1.263234142403224,1.5051300420123521,10.371602524590367,12.357654071852352
0.20872659486872544,2.4081515476207502,8.074576843498606,1.0,1.0,0.0,0.0,1.0,1.0,5.840288874498331,6.958642063232055,1.2430340310644405,1.4810618242469928,8.677407573346269,10.339038810795554
0.9877221620397084,2.9023583360988674,0.29965747027008927,1.0,1.0,0.0,0.0,1.0,1.0,6.01507293156331,7.166895407820114,1.3024434688343742,1.5518475373345737,8.595139849935412,10.241017693540066
0.0004931820905123723,1.612377716395579,1.3352173799807558,1.0,1.0,0.0,0.0,1.0,1.0,5.998538530838118,7.147194845253928,1.5185390788867164,1.8093231578224707,8.54105005973078,10.176570283934547
0.2853119637438126,2.526278515934138,3.156757508529368,1.0,1.0,0.0,0.0,1.0,1.0,6.6452645447965395,7.9177620108214075,1.5037667068279243,1.7917220336673139,9.446699908156269,11.25564244376066
0.09227255028973087,2.216113186620782,0.7463317549831695,1.0,1.0,0.0,0.0,1.0,1.0,6.089501978644925,7.255576825619485,1.3652462404334091,1.6266763715802321,8.365189005761486,9.967033708992409
2.093963483981925,3.600831994659751,0.552735693619598,1.0,1.0,0.0,0.0,1.0,1.0,6.026514689902747,7.180528141160718,1.3827967916020434,1.6475876665896685,10.022616055370367,11.941840406398734
2.396337782768819,1.379615678547062,5.684595215690889,1.0,1.0,0.0,0.0,1.0,1.0,6.447471878597412,7.682094153222447,1.3674011239918666,1.6292438924158414,9.42176866844055,11.22593713686534
0.19773448407763825,2.7240308258724855,8.46753630754516,1.0,1.0,0.0,0.0,1.0,1.0,6.412380315172024,7.640282928715603,1.3655748653732869,1.6270679247000874,9.501484171043707,11.320917310179736
1.4103840315820089,0.4516523880320431,2.9183328793961336,1.0,1.0,1.0,1.0,1.0,1.0,6.625414607141074,7.894111021274471,1.5407189401472934,1.8357502265584777,9.626286609675667,11.4696180881242
4.651193741025501,2.980699199302405,16.799261828897617,1.0,1.0,0.0,0.0,1.0,1.0,5.871442779682782,6.995761609834805,1.2665794956780476,1.5091159948504393,8.929072590811515,10.638895001817978
0.0016530201493275578,1.9764460747851018,7.235138815698878,1.0,1.0,0.0,0.0,1.0,1.0,6.357211541909162,7.5745499222747465,1.332608206203786,1.5877885010087667,9.748468430512302,11.615196427844445
1.0493869384608083,2.2175637022970744,22.25213190197711,1.0,1.0,0.0,0.0,1.0,0.0,5.869399958951021,6.993327610665045,1.4511987798894328,1.729087907953367,8.161896544014528,9.724812903506674
0.4604849157004226,1.177231062732057,0.2566422472004042,1.0,1.0,0.0,0.0,1.0,1.0,6.2206492243977145,7.411837373750469,1.2865815595269465,1.5329482411384898,9.45466228278399,11.26512952842348
0.47845062740505107,2.063118216782495,0.37937912315288663,1.0,1.0,0.0,0.0,1.0,1.0,5.766094380345017,6.8702401127515085,1.4853087245987897,1.7697295442028143,8.473145307824499,10.09566249442919
0.09649992234358977,1.0499069812860065,4.586439747120697,1.0,1.0,0.0,0.0,1.0,1.0,5.920869198739629,7.054652662328069,1.2807631087807456,1.5260156189728031,9.346904834029806,11.136737674588703
5.391144836435752,2.8397229661306,1.1222364981050932,1.0,1.0,0.0,0.0,1.0,1.0,6.061616770660505,7.222351896957196,1.395193458554866,1.6623581633845212,8.943872802378664,10.656529296451176
0.05533323567788788,1.0713310388570578,0.0011768931402144404,1.0,1.0,0.0,0.0,1.0,1.0,5.795590493335226,6.905384417590907,1.3973246908962809,1.6648975040466327,9.319906448584689,11.104569385547714
0.5561384713078474,1.9538549246921961,0.002008679153506993,1.0,1.0,0.0,0.0,1.0,1.0,5.927644416240671,7.062725261903779,1.3322043742498018,1.5873073395316784,8.676688383687997,10.338181903968678
2.3552662872359753,3.7530442929227763,5.347867762990015,1.0,1.0,0.0,0.0,1.0,1.0,5.857491648387162,6.979138985312364,1.2955276241539764,1.5436073819706961,8.627061482934977,10.279051979667209
0.3187958322306513,1.9473942994416098,16.243434807795936,1.0,1.0,0.0,0.0,1.0,1.0,6.124070405576168,7.296764738558839,1.3737479983144185,1.6368061256512219,9.11173675962722,10.856537415726049
2.793941061477881,4.087512752170414,2.114655364764046,1.0,1.0,0.0,0.0,1.0,1.0,5.595419790345076,6.666883154453707,1.317871849761307,1.5702302890773012,8.28411193938715,9.870431246929371
0.5232559433187116,0.8947110616298031,0.41935129436569707,1.0,1.0,0.0,0.0,1.0,1.0,6.081536895141056,7.246086513359556,1.259061637983729,1.5001585473848689,8.82088856812073,10.509994889675761
2.501652330069877,1.7094806069527428,2.9895809050697415,1.0,1.0,0.0,0.0,1.0,1.0,6.052283066594384,7.211230887857141,1.3286682882921017,1.5830941307310145,8.711304241395682,10.37942633017358
0.062496527691528206,3.075952802478444,0.08705403324692661,1.0,1.0,0.0,0.0,1.0,1.0,5.8179698418675585,6.9320491732890055,1.242251352085841,1.4801292705703641,8.51425880153603,10.144648784808886
0.0005728897171687684,2.842807033540994,0.0041097920795427605,1.0,1.0,0.0,0.0,1.0,1.0,5.668468874291522,6.7539203608579825,1.3588016731823291,1.6189977382597962,7.712452332146203,9.189304906386965
1.336366971063646,1.3449920737512526,5.933354626521264,1.0,1.0,0.0,0.0,1.0,1.0,6.025806096368953,7.179683859503433,1.2326618569840235,1.4687034891724533,8.899628386200293,10.603812545259924
1.0055069301885131,4.716074489589459,4.128531025697327e-07,1.0,1.0,0.0,0.0,1.0,1.0,5.779680328732336,6.886427625723634,1.2738472254088116,1.5177754175083713,9.396450624314738,11.195770956630325
0.07269255615570151,1.8580565982757256,0.624541774294769,1.0,1.0,0.0,0.0,1.0,1.0,6.008671706994376,7.159268416844361,1.3374381833600202,1.5935433674076833,8.856626386650039,10.552576120263874
0.6219020222776057,7.449022478272014,14.263368468442014,1.0,1.0,0.0,0.0,1.0,1.0,6.364941883998242,7.5837605426362025,1.3789394226274485,1.6429916524922792,10.004171186916434,11.919863541857879
0.043460423859552455,1.4648028756047078,0.07893380509467134,1.0,1.0,0.0,0.0,1.0,1.0,6.056006049003088,7.2156667817909135,1.402268592492697,1.6707881102040645,8.949008579912116,10.66264852074635
0.5029376258804011,4.052319144757742,0.10823402966966633,1.0,1.0,0.0,0.0,1.0,1.0,6.7318780351396335,8.020961063145094,1.4547934745628126,1.7333709484152666,10.529689235579879,12.546012706222832
4.83412149805957,3.1652215527346823,14.11474638087211,1.0,1.0,0.0,0.0,1.0,1.0,5.902637149107724,7.0329293691496275,1.2711624578234684,1.514576545491792,8.882311926701085,10.58318016798427
0.27261060501289397,2.0596142749898356,2.6481807849473076,1.0,1.0,0.0,0.0,1.0,1.0,6.756614618476826,8.050434439036218,1.4130216898838057,1.6836003113509168,11.161046871999046,13.298268613445673
0.08468103207724477,2.078060971180466,0.49896893276402965,1.0,1.0,0.0,0.0,1.0,1.0,6.165695366925473,7.346360437187798,1.388244017319792,1.6540779780831567,9.416305790455443,11.219428175861808
2.4903560380939607,0.8381189846606378,2.382012477634795,1.0,1.0,0.0,0.0,1.0,1.0,6.24683270338941,7.443034710421426,1.5067021924820727,1.795219633595661,9.317711436895022,11.101954052470663
0.6166997878527083,1.702596734821778,9.456105270984878,1.0,1.0,0.0,0.0,1.0,1.0,6.482250966832497,7.723533066864253,1.4419173588120184,1.7180291934781504,9.952922754702321,11.858801580070853
1.524325918445402,2.6851051681345575,0.11869053865419886,1.0,1.0,0.0,0.0,1.0,1.0,6.213718848294491,7.403579904350881,1.2586031840179972,1.4996123043618685,9.742458305237257,11.60803542751673
1.093313788282521,3.8243568984739023,11.290352267632825,1.0,1.0,0.0,0.0,1.0,1.0,5.92626717138129,7.0610842893053665,1.278065060305094,1.522800922916708,9.203011535712447,10.96529034042334
0.43810690640839217,2.207922319978513,1.486322281087605,1.0,1.0,0.0,0.0,1.0,1.0,6.294773731585025,7.5001559355055605,1.4453051458383497,1.7220657056797357,9.208445521580295,10.971764876776522
0.3022079857983573,2.0512834521704293,17.596326328817984,1.0,1.0,0.0,0.0,1.0,1.0,5.959282036266828,7.100421149594519,1.3243536183330056,1.577953247375496,8.88467800705047,10.585999327549496
0.011151727651730782,1.7394495286365448,2.750012508614273,1.0,1.0,0.0,0.0,1.0,1.0,6.271368713522978,7.4722691054741865,1.202792630587438,1.4331146236786498,9.822997950309258,11.703997557815285
0.10935155196965132,2.417817210740811,4.244741943147073,1.0,1.0,0.0,0.0,1.0,1.0,6.261636287332006,7.460673023204091,1.3036394492249386,1.5532725352467356,9.538974643028068,11.365586808714292
0.03849393682318872,2.0477033148824537,1.849219772606152,1.0,1.0,0.0,0.0,1.0,1.0,5.91015244444444,7.0418837635933755,1.3021481283678344,1.551495642310611,9.759828178323666,11.628731446513303
1.5336741053286913,6.555736304279918,2.01637466997368,1.0,1.0,0.0,0.0,1.0,1.0,6.121587966872319,7.293806939252125,1.4086672520412087,1.6784120449852704,9.141717453124818,10.892259093084888
2.354326807961973,0.8115053681473596,15.005929351790222,1.0,1.0,0.0,0.0,1.0,1.0,5.602977310412025,6.675887859214328,1.3583436758064655,1.6184520392587673,8.765380977997802,10.443858186550573
0.0841332766538765,3.5975655382986242,0.9232314484531611,1.0,1.0,0.0,0.0,1.0,1.0,5.968898618884472,7.1118792054793705,1.3043207483395989,1.5540842958939898,8.898012183849652,10.601886857352776
0.07279575094254306,1.1019689962687187,0.019391916469421018,1.0,1.0,0.0,0.0,1.0,1.0,6.307164297456492,7.514919162926882,1.3233216274650204,1.576723641234917,9.792775537684099,11.667987874687435
0.7707600819652553,1.669067404645949,4.393961328687535,1.0,1.0,0.0,0.0,1.0,1.0,6.157270925009519,7.336322804266661,1.4881294768482132,1.773090440499999,8.889908350301258,10.592231225890862
2.687938283206765,2.0587523302372492,1.0546754846791386,1.0,1.0,0.0,0.0,1.0,1.0,6.100465316599788,7.268639526161451,1.388366392233574,1.654223786491067,8.969800548989912,10.687421930711384
0.11013118324905824,2.892119260384996,0.2726377846342415,1.0,1.0,0.0,0.0,1.0,1.0,6.011362273876417,7.162474198661261,1.3354442001917306,1.591167557675254,8.696034357011952,10.361232425375942
0.016935775797541748,2.5181772428207396,3.0230036086359435,1.0,1.0,0.0,0.0,1.0,1.0,5.99690937251205,7.145253720439889,1.4440564446854758,1.7205778915401417,9.020189582886927,10.747459928546128
0.0027133275861878975,3.525990950702978,11.404373332355593,1.0,1.0,0.0,0.0,1.0,1.0,6.109462490021816,7.2793595625791845,1.3511223385094286,1.6098478926920858,9.534868950545583,11.360694919798993
0.4263585358740472,0.9966828390274222,1.6719726926567147,1.0,1.0,0.0,0.0,1.0,1.0,6.141520898914408,7.317556815727805,1.2619118163218985,1.503554504553751,8.84317256134144,10.536546030534481
1.583777945367767,3.64529464305631,0.13811981593384096,1.0,1.0,0.0,0.0,1.0,1.0,6.054750664025796,7.21417100394563,1.2975586882714136,1.546027373259557,9.2499465610921,11.021212923854417
0.17270643175211786,2.2636006015093253,3.158493500678286,1.0,1.0,0.0,0.0,1.0,1.0,5.833010680002786,6.949970171918213,1.3312605559063968,1.5861827900161316,8.820057818975945,10.509005060907509
0.17555338367868115,1.4075015704921396,28.59985864862704,1.0,1.0,0.0,0.0,1.0,0.0,6.232140461741121,7.425529060797933,1.303613033032068,1.5532410606339537,9.647149368956988,11.494475843863643
0.42451633439395975,2.5470542522748825,0.6327484415703843,1.0,1.0,0.0,0.0,1.0,1.0,5.5495780389284945,6.612263195319057,1.3731193605440355,1.6360571104354467,7.817671892052768,9.314672892658615
2.1663683800761797,0.9568478230127704,1.9158837379183957,1.0,1.0,0.0,0.0,1.0,1.0,5.895159670576131,7.024020033026879,1.3887105186417488,1.6546338094454873,8.741629863033872,10.415558985742486
1.4339038032378917,1.9476928438921166,0.4506148464924093,1.0,1.0,0.0,0.0,1.0,1.0,6.194423390862379,7.3805895720913455,1.4687815126873875,1.7500375470317806,9.576202095580513,11.409942922393803
0.5925326365570526,1.8700750632558707,0.12972546198401286,1.0,1.0,0.0,0.0,1.0,1.0,5.9732513696856095,7.117065461753068,1.313346517268208,1.56483840355361,8.872778956235093,10.571821735088623
1.31617732315955,1.8084464346383267,0.11508996310508776,1.0,1.0,0.0,0.0,1.0,1.0,6.340881330421006,7.555092649012263,1.2733858625850933,1.5172257086120258,9.518229805725614,11.340869555758179
1.499661624007532,4.354741967441038,5.330306242756288,1.0,1.0,0.0,0.0,1.0,1.0,6.072787497823745,7.235661699534674,1.4444834157743394,1.7210866230502773,8.916876999925492,10.624364085017604
0.05935024089519205,1.0587619778513049,1.687007135877564,1.0,1.0,0.0,0.0,1.0,1.0,6.067172677230339,7.228971700529764,1.3867260306666598,1.6522693131347437,8.978751141491086,10.698086466457465
0.20251489862676547,2.543869270712702,2.627350409676453,1.0,1.0,0.0,0.0,1.0,1.0,5.795034824162746,6.904722343683272,1.330361623953853,1.585111722157782,8.320089289265828,9.91329787657205
0.21257969108541322,1.9647831637315514,0.13163722311103246,1.0,1.0,0.0,0.0,1.0,1.0,6.082592645006667,7.247344428093051,1.3494095521287433,1.6078071259406297,8.942766836745825,10.65521155016524
0.0009481296201569743,3.3660995617066454,0.661229539037364,1.0,1.0,0.0,0.0,1.0,1.0,5.831871730438625,6.948613125628999,1.28876531936063,1.535550167748836,8.467012072019735,10.088354809215001
0.1838897105919346,0.6629964137647419,7.571772696406167,1.0,1.0,0.0,0.0,1.0,1.0,5.679708492135969,6.767312245949238,1.3582433243613758,1.618332471579511,7.738368808830881,9.220184112649559
0.013390613592278763,1.6194897078900348,2.469292907399823,1.0,1.0,0.0,0.0,1.0,1.0,5.922286381879665,7.056341220963004,1.2762745098055346,1.5206675010448922,8.729310755296828,10.400880899928135
0.26582772096568935,3.022268785353861,0.04455709917814997,1.0,1.0,0.0,0.0,1.0,1.0,6.730456117476448,8.019266863376194,1.4318487852273893,1.7060325951645492,10.783595114911941,12.848538860320609
1.5286343718142787,2.793650396647376,14.997819640009867,1.0,1.0,0.0,0.0,1.0,1.0,5.898454418409754,7.0279456900201325,1.3415574090135074,1.5984513809522638,8.712705594395366,10.381096027364695
0.7579998590249841,2.7194695253838086,4.614926418692841,1.0,1.0,0.0,0.0,1.0,1.0,5.860803211224891,6.983084677204124,1.4848165550278423,1.7691431293948754,8.968080099710406,10.685372033697504
0.15420805655041933,1.216828313192158,8.940780581127852,1.0,1.0,0.0,0.0,1.0,1.0,5.907983494650324,7.039299482987621,1.219329144559179,1.452817704155617,8.664951410607244,10.324197425404376
0.15081071630950957,0.9801167314439345,0.24869816679457524,1.0,1.0,0.0,0.0,1.0,1.0,5.991243944429112,7.138503423149579,1.3703291057898532,1.6327325515793998,8.926349440776601,10.635650397521056
0.001809177249608026,1.6080635531083813,0.1392219595077604,1.0,1.0,0.0,0.0,1.0,1.0,5.783536611106914,6.891022345148663,1.3652456563455821,1.6266756756457994,8.743291372206771,10.417538656246364
1.6002141393201155,3.0108860274900926,0.10782437079589342,1.0,1.0,0.0,0.0,1.0,1.0,5.825959028558376,6.941568204239767,1.327371360137521,1.58154885463194,8.860817919157011,10.557570286655162
1.657156743593672,2.1191840821519334,17.327351961282854,1.0,1.0,0.0,0.0,1.0,0.0,5.960925745407038,7.102379611548811,1.32605864952093,1.5799847738972783,7.910915646547643,9.425771834184424
5.6558569891198065,2.3626757630922395,14.690676031178693,1.0,1.0,0.0,0.0,1.0,1.0,5.776020545240014,6.882067032626399,1.2890457666404718,1.535884317699285,9.280928101760196,11.058127099969596
0.41147937337715573,2.188667978741323,0.18267138980844214,1.0,1.0,0.0,0.0,1.0,1.0,6.334777776428481,7.547820329361594,1.2367109632630306,1.473527956228292,9.275965193475475,11.052213847545248
0.2002065152413889,1.8269310712494813,0.09512067119324279,1.0,1.0,0.0,0.0,1.0,1.0,5.520435451190831,6.577540112057161,1.373353495607704,1.6363360798730087,7.562929994901655,9.011150632223247
1.0639131779972075,2.382424012337217,0.43261473248634585,1.0,1.0,0.0,0.0,1.0,1.0,6.4831089137947835,7.724555301542722,1.4653557696535486,1.7459558106510364,9.982460545112295,11.89399554311252
1.952421684339786,0.6422565370188941,5.095875416030447,1.0,1.0,1.0,0.0,1.0,1.0,6.385656273301948,7.608441517125726,1.3521841105008379,1.611112982724402,8.913525418607403,10.620370711532225
0.08537700921638458,3.002458774200598,4.719677105567171,1.0,1.0,0.0,0.0,1.0,1.0,5.842241438240963,6.960968522159444,1.3371843236272327,1.5932408962367024,9.429463243943541,11.235105141719963
0.00033427060151933115,1.99604596938007,1.0111919542301357,1.0,1.0,0.0,0.0,1.0,1.0,5.431532658759304,6.471613380649384,1.261687134769879,1.5032867988747496,7.889108059188564,9.399788325841692
0.0004421932999273156,1.681820020422777,0.16527879873209936,1.0,1.0,0.0,0.0,1.0,1.0,6.408272489665418,7.635388498324753,1.4007164415134365,1.6689387388245205,9.18662460409514,10.94576548573038
0.8009741329779334,0.9609935468379448,2.3664980363156345,1.0,1.0,0.0,0.0,1.0,1.0,6.152732906700396,7.330915803728132,1.4594318421936023,1.7388975141030159,8.689571078224487,10.353531497458963
1.1463623279224002,1.99500858523948,0.5869952744880297,1.0,1.0,0.0,0.0,1.0,1.0,5.895984209762843,7.025002462696154,1.2730659343550963,1.516844517529476,8.807596411812916,10.494157426840921
0.558145442680965,1.0355741534761116,35.14696822786345,1.0,1.0,0.0,0.0,0.0,0.0,6.219516865462547,7.410488180125586,1.2836710520903631,1.529480402490645,9.041338378014132,10.772658492953006
1.0543641972029665,2.7551181231937463,0.01413952540897255,1.0,1.0,0.0,0.0,1.0,1.0,5.99966578173094,7.148537952700693,1.2754283103197652,1.5196592633597206,9.42585780436527,11.230809298818194
0.1683245580653258,1.888829202349454,0.09669354959394044,1.0,1.0,0.0,0.0,1.0,1.0,5.689485232792004,6.778961128433025,1.2845258722590147,1.5304989116277623,8.312943618712094,9.904783886125047
0.21426150283030004,1.043866299432601,2.9508940687627896,1.0,1.0,0.0,0.0,1.0,1.0,6.419915276435555,7.649260754901938,1.2901672968892477,1.5372206090595286,9.5133471810096,11.335051960351866
0.07362809333611756,0.8322717087952386,2.5125241441657513,1.0,1.0,0.0,0.0,1.0,1.0,5.995368690972789,7.143418014776088,1.294725992807962,1.5426522467499124,8.780880302010246,10.462325466224975
0.11922749957430712,1.602881830836232,1.9686992115579096,1.0,1.0,0.0,0.0,1.0,1.0,5.990155377246406,7.137206406931888,1.4131439161756454,1.6837459426773655,8.465011912859739,10.085971640854154
1.0867420140794242,1.290678569610224,0.5315209431597886,1.0,1.0,0.0,0.0,1.0,1.0,5.783651055991445,6.891158705011083,1.3170190768749759,1.569214219255291,8.397954041085722,10.00607290001703
0.048089873127163826,2.6378793960714404,0.13799787967954644,1.0,1.0,0.0,0.0,1.0,1.0,6.41733007192834,7.646180511233766,1.4758243866979068,1.7584290564911225,9.381603508504,11.178080776089873
1.0769602156524805,3.6094610923977264,0.9118214359391213,1.0,1.0,0.0,0.0,1.0,1.0,6.332096863231973,7.544626049808308,1.4272187799452278,1.7005159931262281,9.916917326616101,11.815901495542589
0.007804889173694727,4.326522867345775,11.836568398187362,1.0,1.0,0.0,0.0,1.0,1.0,5.985926868350759,7.132168183566863,1.2114447423932866,1.4434235228515764,8.839748512646802,10.532466312940869
1.1437074731823964,2.6920090057885555,0.06850010620485993,1.0,1.0,0.0,0.0,1.0,1.0,6.41795112332348,7.646920487364145,1.2640964576212657,1.5061574814210825,9.11729250966231,10.863157032789134
0.5788014838890704,4.476837919790136,11.78913884023673,1.0,1.0,0.0,0.0,1.0,1.0,6.7973112234599125,8.09892401093096,1.3370373749413744,1.5930658084407856,10.13126772927454,12.071297719986687
0.811213055595326,2.513907674341973,1.361626979329671,1.0,1.0,0.0,0.0,1.0,1.0,5.636804678449365,6.7161928083652,1.2934758364297716,1.5411626987248344,8.194105454699132,9.763189477939392
0.06764059945923938,3.0579066901426764,0.38624633081415954,1.0,1.0,0.0,0.0,1.0,1.0,6.056550873493753,7.216315934375537,1.3173985377125064,1.569666342806391,9.48312441814523,11.29904185991772
3.160625399520897,0.1473467704724988,7.155812119661818,1.0,1.0,1.0,1.0,1.0,1.0,6.026271579833451,7.18023847809943,1.3280837045875646,1.582397605466034,8.85311721777305,10.548394982878527
2.42793604211865,1.173794300241155,2.6094325900078683,1.0,1.0,0.0,0.0,1.0,1.0,5.677235845560232,6.764366113858999,1.5058521912652898,1.79420686618843,8.619411759476415,10.269937415546366
4.097364315618949,0.547434369829856,20.21817290302444,1.0,1.0,1.0,0.0,1.0,1.0,6.078230190114288,7.242146609497875,1.3307500958921343,1.5855745823395644,9.443827351092349,11.252219822578116
0.8074339975770877,2.383328370854869,17.27156670931634,1.0,1.0,0.0,0.0,1.0,1.0,5.94160880481923,7.0793636823378066,1.2346628222264666,1.4710876179719605,9.199034399634304,10.96055162509619
0.013012763925484987,1.9362123123018227,0.13528006178842442,1.0,1.0,0.0,0.0,1.0,1.0,6.175621459915128,7.3581872713882355,1.3046891213071952,1.55452320836602,9.459245736656941,11.27059066495295
2.1696985855491056,1.1904200273041086,0.8791686228938999,1.0,1.0,0.0,0.0,1.0,1.0,5.3694710780489,6.3976676674625175,1.594855740990127,1.9002536488393007,7.509250222158158,8.947191754060784
0.5687275048021175,2.6442137839322237,2.4386328646473894,1.0,1.0,0.0,0.0,1.0,1.0,5.819082423783669,6.933374802806073,1.321644911454789,1.5747258519461318,8.150402222832719,9.71111754209856
0.011591835760815197,1.6668466419359718,0.03802202424455206,1.0,1.0,0.0,0.0,1.0,1.0,6.309977531623389,7.51827110150872,1.464593998451452,1.7450481683676875,10.036765858841164,11.958699746704365
1.4589756037925257,1.8082773794595768,10.126011319965043,1.0,1.0,0.0,0.0,1.0,1.0,6.20047529422805,7.3878003505695915,1.225998905810207,1.460764653731311,8.606806540696637,10.254918431468333
0.9142663889052167,3.7137315244207776,0.9877221115664719,1.0,1.0,0.0,0.0,1.0,1.0,5.772676881529593,6.878083092886325,1.312551595988685,1.5638912633056674,8.43462261844639,10.049763119851018
1.0795934300332847e-05,1.9362089869390195,1.1998957783337818,1.0,1.0,0.0,0.0,1.0,1.0,5.7153810223423775,6.809815686195174,1.3704026388206207,1.6328201654032934,8.36211270903893,9.963368334174044
0.4124662267675447,0.9771435789272908,3.613804350813124,1.0,1.0,0.0,0.0,1.0,1.0,6.232289671945281,7.425706843168847,1.3787036076522368,1.6427106814579844,8.757240241310045,10.43415858539069
2.1638402217038486,2.5199423168909187,18.467286474063823,1.0,1.0,0.0,0.0,1.0,0.0,5.601075544036988,6.6736219248100275,1.462902650922214,1.7430329457796598,7.921237872251121,9.438070656299208
0.5943988271750937,1.438326460469907,19.707848091706428,1.0,1.0,0.0,0.0,1.0,0.0,5.726204836308744,6.82271214538914,1.2607548268708664,1.5021759639312444,8.160741334876572,9.723436484108257
0.19036929720648274,0.7446291083805675,11.609895871923804,1.0,1.0,0.0,0.0,1.0,1.0,6.744026429511843,8.035435745801344,1.4344474821230067,1.7091289148699653,10.926967708167096,13.019365779943774
0.0733851933105474,2.3840038975620206,3.236588049123547,1.0,1.0,0.0,0.0,1.0,1.0,6.456233323005252,7.692533321027534,1.233654040970455,1.469885665837138,10.156301088262794,12.101124700908862
1.1917161051693963,1.586220645593618,4.713315362154744,1.0,1.0,0.0,0.0,1.0,1.0,6.45806012161516,7.694709932137211,1.4813943417577597,1.7650655986900965,10.569613609987954,12.59358217360267
0.7687760028348232,2.3743586612242003,7.09459053070971,1.0,1.0,0.0,0.0,1.0,1.0,5.317105154998669,6.335274227232456,1.3177805624192978,1.5701215211804396,7.523278686222602,8.96390651975459
0.31742851808792005,1.9504634593377752,0.002786555350203621,1.0,1.0,0.0,0.0,1.0,1.0,5.593320887486076,6.664382334025962,1.2129003680374408,1.4451578853212057,8.650161285810551,10.306575149050868
0.05129081996495251,3.6948670595675606,0.8836123317705837,1.0,1.0,0.0,0.0,1.0,1.0,5.8655251235113255,6.988710785460302,1.2197238988075934,1.4532880496430902,8.541071287592578,10.176595576706049
1.794001630379994,2.1333830613446776,3.023017252716979,1.0,1.0,0.0,0.0,1.0,1.0,6.9124648678611464,8.236128353196259,1.5719996292666911,1.873020834870951,10.287758573062868,12.25775489556427
0.5014693107061702,0.9665156739941773,1.165358625161153,1.0,1.0,0.0,0.0,1.0,1.0,5.8705205408751056,6.994662772106508,1.3801889659510174,1.644480470069297,8.531588572572995,10.165297022640164
0.16752101873201503,0.5322799989357688,16.91912915983395,1.0,1.0,1.0,0.0,1.0,1.0,6.266726965568502,7.466738512166726,1.3526989099529292,1.6117263607949797,9.025094160609786,10.753303680726551
2.4990190180079304,2.7722276441617364,3.3512855929812266,1.0,1.0,0.0,0.0,1.0,1.0,6.209086844453587,7.39806092105108,1.2256426557501605,1.4603401855746583,9.647208732555637,11.494546574959905
2.8924542192148612,2.2177035954189046,16.60419909382204,1.0,1.0,0.0,0.0,1.0,1.0,5.625609674192928,6.702854079889445,1.341386484781422,1.5982477265480775,8.65943051540512,10.31761933750397
0.5844225726202625,1.3619521504696661,0.40002743249266437,1.0,1.0,0.0,0.0,1.0,1.0,6.117503958970674,7.288940887284205,1.4169452187478138,1.6882751542527146,8.906585023450354,10.61210130453659
1.213077874641055,3.106196170724243,4.397470225795572,1.0,1.0,0.0,0.0,1.0,1.0,6.615430401644219,7.88221494663992,1.27789712595303,1.5226008309227588,10.08143382291278,12.01192115070459
1.5713074620402876,2.2571523015072574,12.248710102901704,1.0,1.0,0.0,0.0,1.0,1.0,5.710680438571621,6.804214990638527,1.4048391795232407,1.6738509373042874,8.562224783411928,10.201799741937615
1.4722791724840962,1.4266427686492256,3.5193853044594863,1.0,1.0,0.0,0.0,1.0,1.0,5.753113498256784,6.85477352983787,1.34082190614627,1.597575037110449,8.554921993548904,10.193098545505077
0.43123152647839197,0.7416252442939452,0.24180809223688138,1.0,1.0,0.0,0.0,1.0,1.0,6.240363749359018,7.435327020512872,1.2780128180439627,1.5227386768183386,9.49716613546667,11.315772416726245
0.35845253593533066,1.123192065432321,0.03692068478563423,1.0,1.0,0.0,0.0,1.0,1.0,5.840165175831897,6.958494677586941,1.2480933243405055,1.4870899183631545,8.703740235841002,10.37041389802332
0.7008568419571725,2.6553109447470207,3.125160331222174,1.0,1.0,0.0,0.0,1.0,1.0,5.820906339174776,6.935547978591224,1.4442417759766202,1.720798711801931,8.504753819701648,10.13332370007005
0.6748977422006489,2.4182948589259863,0.01440029123805004,1.0,1.0,0.0,0.0,1.0,1.0,5.86699649799411,6.990463912503621,1.3508094943581126,1.6094751422139209,9.257520601195315,11.030237312062502
0.46860322466279625,2.7734331245235855,1.3156410090658728,1.0,1.0,0.0,0.0,1.0,1.0,6.602931717412311,7.867322897342326,1.3897849179968027,1.6559139448472546,10.129246714019187,12.068889701810095
0.014329837209816548,1.9139789152757793,2.1304102150738595,1.0,1.0,0.0,0.0,1.0,1.0,5.344788074776073,6.368258131648087,1.3162920947063936,1.5683480277352775,7.509543454214981,8.947541136937
0.42564594988955384,0.2517592264793977,0.039892474126385864,1.0,1.0,1.0,1.0,1.0,1.0,6.107151471492111,7.276606008586345,1.2745762245229437,1.5186440121975497,9.639396664074145,11.48523857847132
0.02909108404007796,1.467379856870005,0.7993582367532918,1.0,1.0,0.0,0.0,1.0,1.0,5.880123851894659,7.006105015023426,1.319549465114335,1.5722291499234622,8.779426794057064,10.460593626961609
2.9762291194881683,3.235305063518823,1.827815216500198,1.0,1.0,0.0,0.0,1.0,1.0,5.7342726071010794,6.832324808460861,1.3029642060042423,1.5524679901327136,8.60179487876909,10.248947089597213
0.1652454361636341,2.7942872636080285,0.11713583945686916,1.0,1.0,0.0,0.0,1.0,1.0,5.866486046272755,6.9898557147079625,1.290189824919933,1.5372474509684313,9.199597585758147,10.961222655371408
3.1501198381001627,0.8157890010674497,9.247937672447035,1.0,1.0,0.0,0.0,1.0,1.0,5.756455623767416,6.858755636829262,1.2435636801228824,1.4816928954655622,8.90811435006172,10.613923480924603
0.1941526987456402,2.9199315212541186,0.07382978207558948,1.0,1.0,0.0,0.0,1.0,1.0,5.859538384922262,6.9815776501201405,1.3021817966293345,1.5515357576860165,8.373403828635059,9.976821583054537
0.004081993326477861,2.539281509699136,0.01300389135944815,1.0,1.0,0.0,0.0,1.0,1.0,6.12534518088723,7.2982836197805305,1.3729202901320763,1.6358199201573669,9.479860067676215,11.295152421061022
0.4183994208435174,1.801175960895034,1.2048809758246373,1.0,1.0,0.0,0.0,1.0,1.0,6.444935851261061,7.679072503630202,1.4781068251186733,1.7611485575882062,9.647360174250295,11.494727016128012
0.14939341371394502,0.5988383986305772,1.8882240471256353,1.0,1.0,0.0,0.0,1.0,1.0,6.011440279196391,7.162567141170168,1.2858943792069208,1.5321294730976085,8.698007171765305,10.36358301316717
0.2066792607663913,0.6345371074940258,0.23342573761655264,1.0,1.0,1.0,0.0,1.0,1.0,5.902514364608283,7.032783072724763,1.3547856525875412,1.6142126924447302,8.58319037070503,10.226780016159184
0.018656822165433195,0.9161682912400647,3.14232645929989,1.0,1.0,0.0,0.0,1.0,1.0,6.076262511489656,7.239802141349376,1.3557246734274395,1.6153315257858853,9.12133011581627,10.867967797568323
2.5623026979534598,2.1932143838406732,4.363473284513128,1.0,1.0,0.0,0.0,1.0,1.0,6.213166806427245,7.402922152338846,1.3746201808807772,1.6378453219004996,8.994270799028152,10.716577973310137
3.0589730381049156,1.5067470307600577,20.907011134441948,1.0,1.0,0.0,0.0,1.0,0.0,5.798567512473329,6.908931504223541,1.2886739542565744,1.5354413071993225,9.137547879656658,10.887291090654742
1.5839898146069533,2.622449767224824,3.326190660458903,1.0,1.0,0.0,0.0,1.0,1.0,6.141656051287978,7.317717848343124,1.508480996595932,1.7973390597738774,9.293849145283922,11.073522385870206
0.6138122075939191,3.373015154150945,0.504853105387703,1.0,1.0,0.0,0.0,1.0,1.0,6.12544961434593,7.298408051135576,1.160229983642321,1.38240168263766,9.54959294992415,11.378238408420266
0.028039320445858273,3.8891345508281234,14.468700510724851,1.0,1.0,0.0,0.0,1.0,1.0,5.6582093395405515,6.741696234346188,1.3477596053477967,1.6058412319037583,8.576127031648715,10.21836412281549
0.44327867000632104,2.4287915373517706,0.30314193856493127,1.0,1.0,0.0,0.0,1.0,1.0,5.86436298926356,6.987326114867219,1.4378092488138536,1.7131344241186337,8.187564343696753,9.755395813766343
0.004201507165147611,2.2124959845097605,2.5224619533108794,1.0,1.0,0.0,0.0,1.0,1.0,5.905718660025196,7.036600956625765,1.3307646116120324,1.5855918776653999,8.478668384462484,10.102243181487214
0.34046824017077254,2.217852859687172,0.1804020951578138,1.0,1.0,0.0,0.0,1.0,1.0,6.288462337982125,7.492635977170192,1.3252417568908132,1.5790114550188417,9.221261390817766,10.987034848633932
3.3914938802577925,1.59770203822217,8.495221008691512,1.0,1.0,0.0,0.0,1.0,1.0,6.19944525150453,7.386573065622419,1.2943937248012167,1.5422563529546416,8.562660289020727,10.20231864223746
1.6736257384202975,0.7298503871650784,6.4736588037401495,1.0,1.0,0.0,0.0,1.0,1.0,6.059863906198975,7.22026337759878,1.3740965374405718,1.6372214063121708,8.673205408850635,10.334031976502885
0.27589431298237677,0.733309581731642,0.6352672182344089,1.0,1.0,0.0,0.0,1.0,1.0,5.864598224124773,6.987606394701858,1.2586580751646077,1.4996777065791074,9.362633831768102,11.155478608064122
1.5244297376232991,2.5359357125846382,0.966804804558014,1.0,1.0,0.0,0.0,1.0,1.0,6.596080910367956,7.859160233629904,1.5798787167503114,1.882408683787606,10.03144463259545,11.952359562241387
1.6802298788975842,2.3984580126103534,24.291284346449523,1.0,1.0,0.0,0.0,1.0,0.0,5.97726973808302,7.1218533049499815,1.3638837703944215,1.6250530030231407,8.350768361026176,9.949851664201404
0.47344920053351863,3.3421798070854702,13.934968206657194,1.0,1.0,0.0,0.0,1.0,1.0,5.892343158799687,7.020664189208135,1.4272655572656592,1.700571727805892,8.778003155886685,10.458897377226688
0.0006296958750849693,1.0357970571440394,8.634615602573103,1.0,1.0,0.0,0.0,1.0,1.0,6.316458051412567,7.525992571895825,1.3382098636386788,1.5944628162503403,9.304379084751401,11.086068696725075
0.2167869359499602,4.927684069287089,0.17308308359688476,1.0,1.0,0.0,0.0,1.0,1.0,5.6365198515153985,6.7158534401034515,1.286685650470225,1.5330722643900554,8.005630527932132,9.538623607748924
0.14462444171927585,3.304658522676088,0.001682742060934698,1.0,1.0,0.0,0.0,1.0,1.0,6.083017874639168,7.247851084676455,1.5175735612670458,1.8081727538500973,9.820023587940632,11.70045363669522
0.05889156550262034,2.7937169458847593,1.8122125476756634,1.0,1.0,0.0,0.0,1.0,1.0,6.000937648768131,7.150053368745006,1.3733430280254222,1.6363236078600778,9.170594605532463,10.92666591297485
0.011137977698556428,2.9558515860827406,0.39875268798253166,1.0,1.0,0.0,0.0,1.0,1.0,5.647671239929972,6.729140200767626,1.2764316261788888,1.5208547035322932,8.2816568564511,9.86750604172897
1.1560267430595914,0.9507646621156403,0.7899180216311522,1.0,1.0,0.0,0.0,1.0,1.0,5.808006918594373,6.920178456197551,1.2516650680495056,1.491345612995156,8.24554504025264,9.824479196896762
0.14850987005408095,0.5533569756270204,0.40602739086695944,1.0,1.0,0.0,0.0,1.0,1.0,6.064290534760955,7.225537658438585,1.2134144168929266,1.4457703690639123,9.786049790291742,11.659974218219947
1.140237836356,1.2935057737017825,0.39611285108094163,1.0,1.0,0.0,0.0,1.0,1.0,5.946239153382921,7.084880693392417,1.3031506102687676,1.5526900888308717,9.014414126251253,10.740578533405747
0.03874788773330255,1.9024338729294479,1.5105637616785514,1.0,1.0,0.0,0.0,1.0,1.0,6.153287541575654,7.331576645281629,1.3848114142164043,1.649988068002524,9.628937558105992,11.472776664977353
5.022613997040042,2.4042351996978093,22.04740598364592,1.0,1.0,0.0,0.0,1.0,0.0,6.136422663258131,7.3114823221799,1.306621674948432,1.5568258254704723,8.86837261456613,10.566571625866025
