"RMSE","Bias","Variance"
0.334871796662885,-0.146878024503315,0.923777704425409
0.270726496617804,0.066524789697459,0.697115859333111
0.209310395881288,-0.0446327055392544,0.536074121941721
0.157758325465532,-0.0291792562744219,0.633779390237868
0.496799012230709,-0.331103561579377,0.299433599828681
0.384330476906601,-0.262048489222132,0.394018857035387
0.445768133087399,-0.346116434208463,0.373382826569311
0.290365713147759,-0.117374294057694,0.449460608898759
0.19085988023543,-0.0804941585680587,0.613029509271486
0.2484219575002,-0.162282024542123,0.596268677330173
0.352986202235542,0.168452219294086,0.94800339270202
0.217330745931738,0.0572321792120434,0.740142114774432
0.261332914969006,0.149503277320435,0.716078598168367
0.211049361618015,-0.0446688592396682,0.706203016403932
0.240558964057737,-0.080716297254703,0.439434128274413
0.342149739284888,-0.256379069569282,0.463451307038427
0.297170245023818,0.174046249014732,0.556202528779782
0.186180591758765,-0.0424909593608273,0.485798746937014
0.369329851921501,0.287607336144809,0.758103246608066
0.339896696524886,-0.0441475410721842,0.398401151200049
0.630808047837798,-0.368544287827236,0.266894052652272
0.289305164469675,-0.0654542593284767,0.396067334530362
0.196680938957252,-0.020629965463382,0.605614996122423
0.23140664140045,-0.0704511411883487,0.76692774183434
0.749118491056908,-0.293702314764558,0.351366002709302
0.353493460141975,-0.270624513111431,0.442362407531578
0.316557584708252,-0.0492361403342128,0.326879976776749
0.312658638959201,-0.243355198266509,0.512575033019681
0.258447657719491,0.180677905337091,0.630422274254935
0.297507952329628,0.0514110588576103,0.462989044761896
0.195903686313025,0.0195025839561637,0.654245007778018
0.478408255867625,-0.367593788207443,0.292147202823765
0.342836675063513,-0.241759598089814,0.470359235982061
0.227266206703122,0.09556321696626,0.515079813081848
0.243950908020425,0.102123136011307,0.74824322236314
0.461148277383353,-0.29025276428019,0.310114028746666
0.501909534331486,-0.355038313715617,0.349599323321746
0.253094729953026,0.187607095300356,0.689003742407425
0.275387931433829,-0.200289898154151,0.604338698624809
0.514907133015572,-0.213441650167023,0.262194744334976
0.190398328605737,0.0778627374728637,0.66569519143339
0.280295781433031,-0.157478112034248,0.780922611670394
0.199122390706515,-0.0310468983211934,0.45853470860287
0.250361280086867,-0.108831188798289,0.737343969611001
0.270037004092277,0.0711924303452495,0.443361022410461
0.50825346552231,-0.0476958720534702,0.211026514162453
0.262994922862913,0.0169904372238311,0.451328550219799
0.402875403009369,-0.336005009700657,0.492112829517697
0.251688342382446,0.101082759141743,0.796871213686094
0.184968325942762,0.0565158543168243,0.49302680734048
0.356842772739268,-0.24885164217838,0.428809214770287
0.374059367335063,-0.267423190666648,0.674818836773976
0.355372578538544,-0.0391464469524145,0.314095271125152
0.249708632463796,0.0340048894811947,0.410241951455446
0.230860874826479,-0.0176515443267927,0.475955655428833
0.17263338615016,-0.0369052557322905,0.474433320536702
0.181049060568001,0.0162457183281387,0.706306224291716
0.233273270028877,0.0590539266673624,0.738689025231185
0.256906886967881,0.182205151118779,0.680175031997313
0.225551808997001,0.0615289545931367,0.472251957134582
0.491888017383504,-0.274905542862009,0.273008238082232
0.203369597287571,-0.101319360629416,0.531517910929233
0.218361456600604,-0.0308421230416277,0.622296469610497
0.3590148426584,-0.0329521750987787,0.456356237593695
0.187035677355034,-0.112464079470023,0.451768375216828
0.549548151585895,-0.130415829546151,0.247472293922263
0.467485032288334,-0.333960223706305,0.291025627703484
0.265740989331921,0.0618584740979512,0.513313199262171
0.304025540327171,-0.110482152504361,0.369074618847016
0.241151312524402,0.0190251918153832,0.449515960401406
0.265226346392291,-0.0630125573207418,0.548274362333773
0.257854423956016,0.0338022708865648,0.828961346915649
0.446358855833941,-0.295259763083431,0.427917759827341
0.281479513260264,0.182304497749156,0.57955804373377
0.197429978480801,-0.0104312080703482,0.407977444758184
0.265847076906855,-0.104461681103929,0.464313571457585
0.339709984072409,-0.0866579715597029,0.400999908240286
0.246384759766334,-0.0557055262421159,0.470410425784159
0.416190631537815,-0.324257212373602,0.463878220044516
0.236916149092875,0.162977408461861,0.630956535523089
0.142316377125009,0.0345727760828354,0.43791615478904
0.29543518720768,-0.112056291568036,0.446679688666907
0.367713334335129,-0.264420230583222,0.385001952478465
0.348913791653236,-0.0402042834839909,0.284452446474239
0.22761269540583,-0.00666995021600669,0.684378514373462
0.261065723309195,0.208756619485823,0.525908826715885
0.336929912955624,-0.204397457136245,0.364786906178566
0.396311450177956,0.17932850473463,1.03591001764524
0.198014776280101,0.0864323616806829,0.687759963414928
0.253898262805396,-0.052113471060427,0.79852038680392
0.238712212613524,-0.107634847309332,0.708762563450033
0.736176920320281,-0.368077940994268,0.284080639132973
0.258225840558897,0.205502773295943,0.524132463807446
0.267148982089877,-0.228250382944845,0.583655764617696
0.409744693728222,-0.329096833503911,0.392330208027065
0.255640654631278,-0.0436394788759964,0.779926703532009
0.298622045460849,0.224478573293895,0.677546870093454
0.291975023015093,0.124954245346006,0.833780286272309
0.267587995393137,-0.00935530399013756,0.41130761190307
0.2331880575642,0.0117165054278665,0.401364057118491
