"datasetNo","Runtime_sec"
1,7.07099999999627
2,5.99099999992177
3,5.42500000004657
4,6.39299999992363
5,6.02399999997579
6,5.94200000003912
7,6.38699999998789
8,5.91200000001118
9,5.94099999999162
10,5.52700000000186
11,6.3640000000596
12,5.56299999996554
13,5.97299999999814
14,5.51000000000931
15,5.89699999999721
16,5.63300000003073
17,5.99699999997392
18,5.70799999998417
19,6.93599999998696
20,5.92799999995623
21,5.90300000004936
22,6.39799999992829
23,6.32600000000093
24,5.97299999999814
25,6.05499999993481
26,6.57200000004377
27,5.77600000007078
28,5.99499999999534
29,5.93900000001304
30,5.86199999996461
31,5.97600000002421
32,5.69900000002235
33,6.22600000002421
34,5.8859999999404
35,5.45100000000093
36,6.4320000000298
37,5.47299999999814
38,5.47400000004563
39,5.94900000002235
40,5.72600000002421
41,5.7510000000475
42,5.7489999999525
43,6.35400000005029
44,5.9440000000177
45,5.22200000006706
46,5.74700000009034
47,5.65400000009686
48,5.69500000006519
49,6.81099999998696
50,5.25699999998324
51,5.82900000002701
52,6.1589999999851
53,6.14099999994505
54,6.3739999999525
55,5.64300000004005
56,5.72500000009313
57,5.95600000000559
58,5.99099999992177
59,6.41700000001583
60,5.59899999992922
61,5.98100000002887
62,5.79200000001583
63,5.95499999995809
64,6.24199999996927
65,6.01799999992363
66,6.12199999997392
67,5.86199999996461
68,6.31700000003912
69,6.48099999991246
70,5.36300000001211
71,6.23899999994319
72,6.14599999994971
73,6.35400000005029
74,6.20100000000093
75,5.51299999991897
76,6.07600000000093
77,6.26000000000931
78,6.50699999998324
79,7.04399999999441
80,6.33400000003166
81,6.0690000000177
82,6.50099999993108
83,6.04700000002049
84,7.49399999994785
85,5.69000000006054
86,5.76600000006147
87,5.34500000008848
88,5.3070000000298
89,5.73600000003353
90,6.25800000003073
91,5.32299999997485
92,6.98100000002887
93,5.90500000002794
94,5.97399999992922
95,6.09600000001956
96,5.88399999996182
97,5.84000000008382
98,6.48499999998603
99,5.71299999998882
100,6.15800000005402
