RMSE_naiveGPexp,RMSE_naiveGPobs,RMSE_KallusGP,RMSE_ICM,bias_naiveGPexp,bias_naiveGPobs,bias_KallusGP,bias_ICM,var_naiveGPexp,var_naiveGPobs,var_KallusGP,var_ICM
15.061676947300334,59.85641009066967,13.133712740054307,1.1771817455697338,-14.788468599298634,-59.756535521118366,-10.01928290747721,1.0625341138421094,19.599625933768333,3.2459654150425417,44.86868867455583,5.180438126116004
2.9890985138846244,71.29634335148747,23.74292130505484,0.841291422578963,1.362729217979124,-71.24112763421962,-16.672853111802358,-0.5487690808162752,0.8456785654840733,12.504651591497131,228.42521861305042,1.3656999661254412
7.364444695531111,20.71538158113519,102.61813269797162,2.0719877185910613,7.14874767329503,4.763259161631244,-90.54366459622872,-1.8378618020422341,3.5864867990118428,337.7155746430133,2163.881362755535,0.7438384497689162
4.572101314507761,22.192265623496326,13.075518415877823,1.454237865523469,4.112441941728299,20.596080057595728,1.817473103249432,1.375785286370814,0.06041115208808014,48.78007908134996,127.04306035868593,3.019532492704028
2.4149611977490566,284.99329394565444,4.460798797613377,0.7941590021708133,1.255343082537761,-284.8057573771353,4.3623473510990705,0.6068208416844914,0.0806735622144719,146.38560428450845,7.000850846769428,5.292051138536118
5.270563131606493,21.227311778345456,20.856903380564866,1.546181080475028,-5.245481094175365,-20.93258930263379,-17.241019767496333,1.4090561694879984,4.3918832828674885,3.628234394625495,98.89996853870873,5.818704903423527
4.70627209199437,504.78870233802104,51.631119026571895,1.530133030619583,-3.579602933044554,-504.2708418964883,46.06406462979165,1.4604678771183313,2.0629324568819163,607.470820213743,630.430888638244,4.9677220426650015
1.4318759268903232,31.34276394345286,23.505637902854854,2.180717492574075,0.8209244524582631,-31.258455007240155,-20.008342989681584,2.027632538846949,2.706647630984834,1.5823150931799839,111.20210778120581,6.624485870507049
1.7881719593164886,17.638624056079117,14.310074746862474,0.6257197651936394,0.4950635423599687,-17.408668514180402,-7.008849484338886,0.368761238496338,3.9414340240140557,16.03121837613422,114.20428971958253,5.036652750165869
5.439789867265183,126.52047612461246,1.7942965264048985,1.7279960681724384,5.0233743043625285,-126.50852722580468,1.770317768475755,1.64394393469561,0.6529142906274754,12.153356380822501,2.666624795492471,5.28208563220852
13.089642572906012,94.5708915768981,14.550523459250194,1.3452535196587565,12.970311800776706,-94.5638102144145,-12.300350557748217,1.162106138034598,6.413925914187793,4.349834457447914,35.76561005665951,5.996952242342855
16.48300036054255,691.6102118229862,52.647892488138396,0.4642751821086754,15.565444596133778,-690.8536274915411,46.85495870275225,-0.4209295272990442,13.220000366494693,1164.483746444143,665.4245590441963,3.881774051739045
7.6605034288816025,210.5182193292049,7.126613117026373,0.4967845910676611,5.267865697851958,-210.50137055298853,-5.632014123483867,-0.4574025112951229,14.511384689233576,18.843567789064576,6.623139144222962,3.922330292462315
4.243066845113209,57.63785235931384,12.509450950550796,1.495927474041799,-3.6227461044480442,-57.61819281692071,-9.765330854408807,-1.4624977704440467,0.44855081676086367,6.857490599753967,36.300382400239634,2.3647615072889026
3.3367564937957206,23.95936700076273,38.11491211174801,0.4994439868885295,3.146120182032769,21.195055178853703,-29.27199012254161,-0.36588036893882486,4.714051697074357,89.89348119561589,511.6520374856332,2.1456702298407104
17.489403956219636,199.4595535402788,6.311013025264312,0.2626928828566189,16.495600342392873,-199.3617712884875,-4.902477728110056,0.24931189446468405,16.147536444849568,63.6266640692336,4.759853181407201,3.4805196886057543
4.940680052752043,237.54331802017956,7.166931842219956,0.6206817752934221,-4.76447154206526,-237.20548456469496,6.8503764006938725,0.17595766034300078,1.0751333737829405,208.0393927201022,14.652212939029988,5.636878476682477
16.117253157471893,723.4517599774279,84.36174834841893,1.2020201826814318,15.607023764093345,-722.730814378252,73.87769535591254,0.9262859627491115,4.976104542670188,1161.5523024517884,1807.9571303823907,6.540558698034619
9.163019953241877,150.841132990407,11.809681424592403,0.6502625487793987,-8.871222623527427,-150.81549681880844,-9.881094908392296,0.4643685107576249,2.8170096024489872,1.1628640213106993,21.855430672412375,4.646882581207623
4.54420479609975,56.92266002634834,15.004674124385334,1.702903033939462,-1.5181188809462123,-56.89680334148273,-11.620363048462302,1.5960860070841574,34.58383519102382,2.399617189968104,59.282173365700785,5.608643728825003
3.400197431917595,69.66546836500943,17.983968608744085,0.9502732017243042,1.9167790283810657,-69.64553813803894,-15.482274434294418,0.9089749188031794,1.0557131441964804,9.370657340181964,54.152186457569115,4.122372408928378
1.8844087497827817,121.41696967522964,11.40891124912895,1.3217004456869015,1.2205196375694503,-121.40372631550477,-9.544742164435352,1.2524449086631457,1.18178711760684,11.261708048627455,19.867939588174977,4.829165550704022
31.948834239607137,488.78303733520517,18.67659832764322,2.0663657964737028,31.09122771500768,-488.2473425528707,16.745445242863173,1.742522125322974,30.991190908486367,607.7003952621017,101.08256034396038,8.427971075045516
7.759436268228336,925.2976076214921,88.53327442800929,2.518809054083208,-5.835445607659604,-924.1666079441295,75.80500353644274,-2.2926964958903158,11.458028012392045,2258.6180788993493,2258.616716654702,0.5932060376159061
62.02336177535189,83.47813749224423,17.96877057129368,1.8174863618267159,60.903269160668955,-82.74643497480173,-14.909628483384871,1.7992718666847594,98.8823689075216,162.25199368500424,67.82543257326887,3.3527605780102845
8.176132255335055,543.4634888785748,24.58152268426977,0.7120433637686552,3.4021937190133698,-543.321968766836,21.22378734674951,0.11255488254993203,32.339527391845785,201.43219518694707,201.43231951950764,1.1985823367529451
2.400443982535041,28.441949372213408,21.46992773349795,0.5846716781361947,-2.0920216017945075,-28.377638675980787,-17.578917264746657,-0.12493196375274358,3.0639190659787516,0.7910054306693851,111.14644409329068,1.496393105935241
4.306099958968714,16.56074999207613,89.71859620456564,0.8952445073041838,-2.7929184496457897,1.1518331934117125,-78.71791278090997,-0.5658074566401553,2.239632742821849,217.19839544932617,1703.1222070251356,1.215264029525672
29.424379206407362,320.59570953719157,3.845609078989711,1.0303853056923256,27.805102038492432,-320.44252477376506,3.6151975167583563,0.8434001365003994,61.42321699899767,136.34251968099377,9.47117799882013,5.6848980348063
2.4783747663771583,392.0593961213887,41.35687793340265,0.3084022441770968,-0.2412849807395686,-391.2785432630068,37.271665862837814,0.226755786319846,0.45502001215252946,702.9128118797515,388.3572348550071,3.967419788787287
2.2896190785039425,26.821609469030268,93.7470672939724,0.8193635552569396,0.14172841251332394,14.59183303870948,-78.04166702501954,-0.7488887628155655,15.074464593555255,429.3235503588291,2515.508305151544,2.165734241444032
3.2803341411005564,12.37917050625908,38.322860322161326,0.22564047924720151,2.1219785638972497,-1.2851431602241172,-29.947915032084783,0.18720671381182347,1.3137117728444991,113.90268043213494,489.8870110237663,3.387433416107453
3.2662307380066395,533.1638230634062,94.72187626946905,1.5331912496150244,2.9561706024840255,-531.4963540512574,85.13861294971599,1.338806060254004,2.2227078928288866,1928.8989229012036,1875.0742892292342,6.372890231068264
19.824700759430343,588.997251007099,45.69624545735243,0.8431877657476115,19.269190030329618,-588.0276213141236,40.88560218724384,-0.755407771573945,8.226849535128824,1264.670342415144,492.5767033012542,2.034225032348779
3.017283010493895,436.0300988500466,38.09200719249607,0.3203913901973061,-1.8614960902171573,-435.2838118225177,33.118533917165216,0.190060021630773,0.3426760415866097,744.3859893212511,424.62963730674454,4.1875389648002095
4.488572223861507,254.40329408450125,33.53947720927963,1.8531756389605212,-3.8312920754693423,-253.81883195042374,30.63226613693008,-1.7094241569524173,0.31379707229594445,361.5517422363055,238.4266687200032,1.1638306911857417
4.884084954233926,120.66946246091844,4.380856194649708,0.6101111806084517,-2.563172097697684,-120.36821646713318,-2.78228008012706,-0.3769629985239198,5.614176613374659,105.20228871672195,2.5861623506295963,1.727077345094737
55.08140677377478,478.3339105543027,47.392356592670836,0.4556813557540075,53.93347778238874,-477.74899842811897,41.02251163253913,0.2835092987033181,88.2400979739616,647.064114550583,651.3259119482725,4.520617247025319
3.424252869345021,25.99764592838291,54.425710648535926,0.8124660271808554,0.10441443313965265,21.255944870235925,-42.03706338793603,-0.7054435817547212,2.9222541491190372,174.9756520213536,1074.3100682342101,1.9651844100789366
15.418144143085975,91.30997550226265,9.159997755204595,1.0623004749571108,12.441472061085012,-91.27854565476586,-6.912787135088727,1.003340439462075,53.77490089952198,16.116752586221057,17.782377574857357,4.538211408393205
7.507672037267485,279.2620934207323,14.77222978729738,0.3095367636535423,-4.207094331326476,-279.2321060351704,13.013168026069698,0.25019279342726597,19.6905623338227,34.63992865188821,77.11752313969122,3.8985967523265987
10.459143667082671,517.3988002448339,41.62986886442381,1.0683228670125815,8.903761080849359,-517.206670602439,36.91591160402352,-1.0669199108071534,13.718786413146754,252.54228711294664,442.3378533445197,3.1240163648778263
5.647739129308625,886.7240970674682,64.90634946543763,1.396051245121205,5.316062800533765,-886.369718083814,57.12794214838579,-1.2706184111165966,9.290989395832035,721.4040664379372,1062.7297859025625,1.4777233973111576
2.4823240388174805,16.09669111663892,76.34683935649284,0.38676824346067995,2.132868488663583,-0.1266381072058158,-71.93648729264109,-0.3298736477724438,1.5141561534849233,208.59525187782984,569.5729614103585,2.5610953028360677
14.11328151895947,343.4007719077984,16.939459318787424,0.7108638422249078,13.685712888279085,-342.5021208362548,15.606172494307575,-0.6042236707879246,2.7370375805877973,707.2913028481619,69.85814615008793,2.015839988481458
4.628281609651246,23.65377247557131,23.284646943008635,0.3793448066850172,4.261718972047066,-23.44729623068094,-20.03267410255288,-0.18473646633201107,9.714425764431342,2.3677865849000725,101.5606858859655,2.1383263098195706
11.038610285974203,957.2026677385542,48.63797270112553,0.6507117187882453,10.441841458270138,-957.0701012471374,42.697055515432474,-0.6440853162622611,3.2070010560305278,314.1186679779606,629.2275575802831,2.9249934314297286
1.327633073196632,25.470454163645183,79.77531332152749,1.3150680431605142,-0.7296256202462342,19.590452473132295,-70.14426571792475,-1.151555443451691,2.7466085770468727,209.86439867223743,1311.5484594871255,1.423524506797825
5.622005658989254,156.30346477043588,8.355874382711427,0.6776397629027141,4.269135479017966,-156.0490454152144,-6.960940680719655,-0.6629268897362505,3.5117459448736428,113.51760047055414,8.003923641905315,3.5021293035847756
1.003042484320886,15.017420655735048,9.435778852641404,0.7476570022443811,0.6017129848560195,14.167240911363768,-3.1680912616039487,0.6218103476471504,2.692032381885524,18.991834420313005,52.615908162819174,4.738239989058632
4.376478257848192,595.4985325292517,65.70579212980762,3.1395577570102717,-2.8529231458561837,-594.9635968338922,58.17375774406585,2.8496485705657095,3.0816853603613956,730.4193415961945,1045.5392377599717,9.575507199095899
6.940555621362019,267.6032152993667,9.182048334556429,2.8365815854698373,0.4848501438192392,-267.01278305391173,8.799205725549998,2.5991468716990376,27.489451880268213,381.2720995888332,18.833848304586198,8.489539720535515
7.10044381274676,715.4061691210013,71.49084342693918,0.46347948199941763,6.33030779976189,-714.7224363085867,62.943766970777766,-0.44078943177763247,2.026439462386757,1092.9530340295696,1273.4808230532215,2.8978458971374765
4.880252370789111,36.91608061608639,61.64978009135872,0.5363567697017682,2.094910227547416,31.874473371623992,-47.41292337066783,0.24869782901372806,37.03780841945794,285.6014797291121,1414.6898506508562,5.144178174124596
4.7190688897881214,33.30720142107909,22.47341625820436,0.9790958863401366,0.47206196724126515,-33.27579994096408,-19.715955202168214,0.8950291523708328,8.598725615791423,6.925872670297238,80.92636037377488,4.689228415136169
4.264075679569248,1027.7078016010626,120.66405064811059,1.737420410313065,1.984001684382084,-1026.1087468492701,106.2583081512085,-1.6660790738740459,3.9891884156952018,3492.3313885422504,3476.6806475576536,1.713820493253959
1.312169707290537,29.91812148250291,20.214695553488458,0.48553581240041044,-0.28717301578529,28.684248417151768,-9.443724268531202,-0.1813191160051117,1.1890785720319255,52.67350256048383,259.93875574873823,1.862224154906512
6.472816301115069,194.80427862801804,24.620086221527487,1.4874224883827964,5.714681176097822,-193.65043219423907,22.447130005857947,1.140754442768636,18.657899901410538,526.3361972375684,141.32378994372277,7.470847130571987
5.714389641367747,77.45737993368465,16.185559387417346,0.847078777910853,-5.4608479176575555,-77.4217875779728,-14.039510761406857,-0.7544387105788853,0.01984510155460193,0.6872011237822122,39.218006887533775,4.7286773750486395
1.7637908488134066,712.1043067410887,91.65898807730169,1.2314743850784664,0.9929902436533133,-709.95330227999,82.02411085370153,0.7999114399432465,0.12666544160557508,3259.0679203806108,1822.6508164586949,7.449920786725367
7.0082701179558775,66.74563132462914,17.374510757431608,1.3292835081863024,-6.922964060223155,-66.73331959859763,-14.676074529243378,1.2881231495356251,1.6079003470368132,3.292530881899101,56.37240594689822,4.39300340177602
48.982419790064114,470.8266849303734,22.629774789494107,1.393269409929334,47.48409106015647,-470.54974877394295,19.955417573257918,1.2745976983534804,104.73827692266589,321.43709446536883,155.23577418852508,5.526372625214513
4.3652071617609245,761.5859640242567,95.22636297852267,1.0478274140778512,1.5435924297374992,-760.1565598685055,84.35036379181669,-0.4330724147473694,5.314780940867815,2345.016506954094,2114.236185513051,0.7531317422074006
69.74294332073856,581.9788575455392,36.10032031400087,3.6433666718430575,66.74817187913663,-580.7030269517309,33.260976577491775,3.3599909962605246,339.77143641418803,1622.8717249797605,249.93013640276726,10.164500234988973
5.579600617485457,37.857508701484676,18.559462938777855,1.0648785578824727,-2.506918160223075,-37.75880736315617,-15.879836281806579,1.0352717510587717,11.204144281488821,1.3169013632058906,61.081079308795005,2.872958677754254
8.55468316865092,850.2471958625252,56.269854620606736,1.2786022356090114,7.568294662624621,-850.202486634234,49.523659457269005,-0.9004900312129009,4.820049279154183,109.87482140454945,812.60136059477,0.8060246193918816
2.9651328644245774,27.94491987352952,65.47635526317268,0.7281035330797534,-1.9122421198015058,22.40868872262562,-53.61277118043609,0.674373104839346,2.4067253040253354,222.8715360944232,1281.3223259692747,2.3110296522374223
0.9770348873615721,152.19995952135508,8.760083518200853,1.3645038622458592,-0.48463473026713005,-151.86851070841212,-6.843176817731154,1.2636534978431522,1.084336518641508,138.4548982839795,13.534796853053702,5.20323533739484
2.742346145600352,28.64941339176081,33.61301826918312,1.9097047935280376,-1.3812875892040313,25.362757029710785,-22.74257147666813,-1.611799631101163,0.38239709417286144,135.65046158399676,527.4537827618495,0.6673974039788478
19.91466821459257,2481.8156920567208,224.03208991098145,0.6555173985474605,18.804540387645325,-2480.1879093365997,197.3501253159592,-0.6486178264656584,22.766430237645153,8402.262353655902,11625.990242996737,3.0952977420339605
2.7324596094696,468.8093921096803,85.5604204630083,1.332729741632706,-2.406493489583081,-467.4279285772493,77.81478381593124,1.1143876244356583,5.499247123326186,1424.8206759471213,1395.5055006226262,6.228354569099145
14.860929656085611,1658.9734900162264,128.20433317595942,0.7817978090865301,0.02310914755186952,-1658.6420397641036,110.49568031434555,-0.48613781132614536,173.87031281869415,1221.4489508644222,4463.1888374528935,1.4272701988658354
31.020705366148245,1178.4996754547672,132.4075190975217,0.7137978548033154,29.512397864726346,-1176.8811530086668,118.38288015393098,0.27672259059143556,60.296488594855106,4036.0795669185504,3732.4440340505116,1.3390041272311053
1.2090360329028993,39.60916776609136,15.081135112449116,0.505670128543278,0.06612665269922255,-39.51860956622321,-12.674459284998846,0.46871974394675175,1.299370787068541,18.375805450808556,40.727592308175296,3.2834194853018674
3.919830983554807,18.526423403599683,34.82736960206265,0.3285112129942326,0.7459624982579881,15.502003675911089,-28.007200091721977,0.32340460683164785,14.885923660930452,70.168897678705,357.5361959320237,3.16066823799747
12.339134605900915,556.0367496696816,40.794885279782285,3.655045541573746,-12.043426476267369,-554.69108166844,36.99574618701043,-3.3909415777264167,0.8300217109155797,1635.0144147940875,359.98055943367166,0.28998360296936626
23.845476257816763,1304.8070797119067,126.31148322496912,0.14610798451375645,23.0301703692006,-1304.156562333255,111.12003431841228,0.013371807498511242,19.351584443548898,1848.1328404096985,3825.0969665696125,2.89749927233254
6.349310655857269,20.14657087622528,22.420407436144774,2.8737451382955617,-5.79714940525879,-19.865810271590945,-18.570815000577895,2.6361766381785907,1.1225951802602594,3.2547539874339875,115.9902226572156,8.505580045359247
3.172967043975915,21.59574949362057,133.95306197430068,0.3967860227161033,-2.6954966433847987,6.216087583278169,-122.17618412578445,0.029627456935403335,0.6427485078582708,358.9650702225097,2826.527469754875,3.1772125719072295
6.342105436943857,25.775564424646458,21.414440178922035,0.9256552848944786,5.508731534826064,-25.483758566598702,-18.471387126002632,0.8132676418429381,2.463310256067774,4.631961621680577,81.7699288714066,4.802302174952389
2.224825200689801,152.16753125622668,1.3565669772436935,0.6622688263040909,1.729383067144307,-152.15025034298222,-0.8756460375986856,-0.43109258873199824,4.013726063685157,0.32447789083286666,0.5909922796796094,1.672504970392853
5.997536509157629,96.53522285062294,13.479694695703909,0.5091282380478838,-2.528448365854737,-96.50911241085974,-10.815531445712756,0.47146148989952025,13.736379147881976,13.603484241749735,39.087120663786514,3.890817908755476
1.9905961431931307,33.35558830182715,100.1326906127262,1.9439442362956434,-0.5721714574453828,21.04777485141871,-83.57900202799138,-1.7677773488874375,0.15487549936203956,581.1461651286284,2846.7518906187474,1.1755341431278863
2.245103199620757,62.03588741423127,3.0643101249246683,1.0452602972282519,1.6059488382851579,-61.988255056372985,3.0169516059022286,0.9820534001263911,0.4794526975731185,17.5323647244017,5.082432638845514,4.298989626825399
4.629722226073904,29.051468311547083,66.80701861085949,0.8759280016431001,-3.6563057034048208,25.02082418464929,-57.54377874665954,-0.6175337279212888,1.4904403812739924,168.39666328920904,1033.6590877627343,1.4126557703386493
5.589120665561258,1323.8853916641447,152.71142710666786,1.6336982168630432,5.2244490069662834,-1323.3045109556028,134.20391679489316,-1.5445038299530125,8.528511825886254,1681.4512738706865,5574.200165664232,1.6260863181380425
1.402589955103755,202.0923796012813,1.83761823421018,1.8053449903471555,-0.53682165773331,-201.64842365986473,-0.006851056979253374,1.7007048755628087,1.0681316766062356,229.2414165408659,0.17411212820915448,5.733779717533003
7.623087495229041,22.72743150569773,37.740611461146635,0.7414853907416425,-7.568815352740821,-22.33784662737014,-32.26845843843319,-0.7298014240128627,2.249501849946339,6.3480961657358,316.39528200139574,2.773704908101673
3.6959503213835347,309.899733560209,56.87087503527552,0.7855594926461437,-2.7549062758463037,-308.68863998591263,51.00005542320745,-0.7441397620656607,0.6361268567125506,849.9531008112921,726.266112019083,3.917737881228904
9.696466865630601,153.1636232112414,9.798923022801596,0.47805452033601264,-9.453921667765334,-153.0241926307124,9.051486897170374,-0.4499005399265131,13.570269285199842,69.03138821136962,30.6058207571665,3.003276166635492
13.498170595864048,44.051913578877915,23.875897762824778,0.11777822425040546,12.198196468236914,-43.9569948319254,-20.668874134501387,0.04077431294735758,15.933465569978265,1.9428462183388424,103.25033113839848,3.1699133923121616
64.43009776235506,1005.1175393933456,174.5473405445965,0.23593632463126657,64.40170057303752,-1000.2430609374127,158.33086152788547,0.224845566358216,5.397731105467493,10130.126915834424,5663.286423310556,3.0966105101807218
13.471104208727391,15.098374254852985,20.37271922789792,1.1210550775939256,-13.416921100569809,-14.419641085366724,-17.398585929328643,-1.0839284407300276,8.01731194659128,7.410967520489354,77.56045070521091,2.286134351458051
2.6668131708418117,438.01461183604715,10.64718425034928,0.8356103789788677,-1.1397655922997731,-437.92990183803977,9.69247528125254,0.8088751336159214,0.3924560070620662,108.01682368160793,38.352519872122166,3.710106071107541
1.3958556442670482,100.18208304175077,11.797464351741676,1.108671805668837,0.0027826824659748063,-100.13267225556882,-9.87922034294543,1.0625883550654833,7.747354651282798,1.9093760637337693,21.6823298085625,4.410824295774748
7.309846371487485,110.848682426158,15.853176531975762,0.3658207876305312,4.042323138480054,-110.82186201743963,-13.514649929754047,0.17605208723400628,18.650007422224526,0.8740422276221878,42.18646501386141,4.38233515608439
2.0558504646314915,41.81002379239691,62.38698013666727,0.36515397738672456,1.6163965266140912,-41.566556122775744,-51.58164037988172,0.30537386003630546,3.834902541023459,17.143532502081907,1109.0130838701245,2.598590442886401
3.141518310642329,74.89719277093279,18.072582802157285,0.9441169015340654,-1.9071600874660763,-74.86387004223617,-15.288459778389061,0.588060153221747,0.6037370937096698,13.590009461352878,61.54868628029424,6.393998306633424
3.303882798525595,16.561756928255544,24.909616625660608,0.44919810750977435,1.9492210416776343,-16.390466574801696,-21.49976300215385,0.41354789388020996,0.7753559487905077,1.6560811810884233,116.39741438565707,3.1581991013094006
3.211270020387524,21.965251290132098,19.101520830396964,0.2050877327047462,1.6898756997109876,-21.6251303513393,-15.842593219810649,0.1648679797331951,0.9586390776536667,4.5679016472922,78.84576223215673,3.638391420581212
