obs_sample_size,datasetNo,rmse
200,1,1.19449466140441
200,2,1.2696240950435298
200,3,1.2504643140598546
200,4,1.5271704494981744
200,5,0.9854756152077573
200,6,1.7416683318033654
200,7,1.2765814877760329
200,8,2.379304554395455
200,9,1.5343869759683357
200,10,1.3525979375009156
200,11,1.5735132926138562
200,12,2.267265503836918
200,13,2.130479719591202
200,14,1.8870733834614204
200,15,1.645289919660984
200,16,2.0390228038312825
200,17,1.9273442032688684
200,18,2.2994011480878305
200,19,1.5159062618295112
200,20,2.26326605240524
200,21,0.7993038485513719
200,22,1.1711662201825583
200,23,2.0805559974812713
200,24,2.314562106295288
200,25,1.3359746275086497
200,26,2.2581474649695528
200,27,1.7690273199786666
200,28,1.2443000919154328
200,29,1.515686234785074
200,30,1.9634055862259
200,31,1.5947318545740035
200,32,1.3192766983519093
200,33,3.8397841888608224
200,34,1.3577277249415998
200,35,1.9811794519312447
200,36,2.807380906227344
200,37,1.825356256466602
200,38,1.8939597011243117
200,39,1.5637804317833834
200,40,2.9112625844211277
200,41,2.172361292939715
200,42,1.1643763937246447
200,43,0.7318350131083233
200,44,0.9431979780120734
200,45,1.6389588612006285
200,46,1.2863246767758003
200,47,1.3292379956340445
200,48,1.9432921582412337
200,49,0.5363882000630605
200,50,1.1937548957408948
500,1,1.451482125128518
500,2,2.247993596786172
500,3,1.488251116101174
500,4,1.4035910351464476
500,5,1.5241456629068724
500,6,1.227024251486312
500,7,1.2489892486439216
500,8,2.1327541106491457
500,9,0.979955539675702
500,10,1.2152673922835016
500,11,3.434975674702848
500,12,1.663904569257158
500,13,0.8145358680237156
500,14,1.7284682318525377
500,15,1.8813037713662937
500,16,1.6477871991263355
500,17,2.646088860204426
500,18,2.201015445656955
500,19,1.8612880825916454
500,20,2.6400990288359227
500,21,2.1723489560469065
500,22,1.8754052911240278
500,23,1.0372876799013528
500,24,1.3010783411980802
500,25,1.744230355326753
500,26,1.3997031533653808
500,27,1.2397212695764195
500,28,2.0324019479180597
500,29,2.466971082995372
500,30,1.4598325229682905
500,31,1.3064401040882139
500,32,2.0084412723366403
500,33,1.578916395881813
500,34,1.166096517193844
500,35,1.6221594758721036
500,36,1.1880691878205745
500,37,1.0695952342897312
500,38,1.8536392442113212
500,39,1.6253304636482213
500,40,1.500086791475593
500,41,2.519014520423279
500,42,0.34234067798473083
500,43,1.6776924325924916
500,44,1.3951377078042062
500,45,1.4025145868440598
500,46,1.0347369693361148
500,47,1.7286261261802174
500,48,1.4257251784866463
500,49,2.3804813967038907
500,50,1.2920911645328048
1000,1,1.2282124014103764
1000,2,2.4486633983901034
1000,3,1.9540503300122205
1000,4,1.5208978818062004
1000,5,1.6776024995996766
1000,6,2.5262788400242804
1000,7,1.1520021432859644
1000,8,1.3066533441195447
1000,9,1.6266804456011994
1000,10,1.1957598813777468
1000,11,2.1610357513009437
1000,12,2.270846762342671
1000,13,1.1724155845395763
1000,14,1.5171098588735736
1000,15,1.5596228573574427
1000,16,2.4137438324709812
1000,17,1.5876351876882415
1000,18,1.537221595482958
1000,19,1.1418008059603382
1000,20,1.5029749031812176
1000,21,1.8134704371628403
1000,22,1.3072045086806077
1000,23,2.527565795100785
1000,24,2.2113371784452993
1000,25,1.404923781902813
1000,26,1.4833988266029317
1000,27,1.1754917991490579
1000,28,1.7405668421669864
1000,29,1.139066704475658
1000,30,1.18448624429791
1000,31,1.0891452818406262
1000,32,1.9569350605393454
1000,33,2.630044083770435
1000,34,1.323586078635707
1000,35,1.350737559261697
1000,36,2.5766842141649033
1000,37,1.3914668371841843
1000,38,1.7166970038255014
1000,39,1.429578780581817
1000,40,1.4011848313150956
1000,41,1.9907976293784928
1000,42,1.235422621310898
1000,43,2.168013113518829
1000,44,2.0770944450361886
1000,45,1.3320300244527035
1000,46,1.4215119756381702
1000,47,1.5759218116738625
1000,48,1.8460695596756953
1000,49,1.5356866710551402
1000,50,1.0484366819900024
2000,1,0.7442573042290161
2000,2,2.1135163909466934
2000,3,2.6058548623725315
2000,4,2.032574501122636
2000,5,1.3479019809525585
2000,6,2.6440516741159446
2000,7,1.2460478190043318
2000,8,1.530872713189484
2000,9,1.4922118072696768
2000,10,1.2904537545077068
2000,11,2.3936810478304613
2000,12,1.9323572392098343
2000,13,1.2269971002023972
2000,14,1.3618377945902183
2000,15,1.1821912738523621
2000,16,2.3744614227930385
2000,17,1.3941125900266256
2000,18,1.6332779788082077
2000,19,2.3463008999814603
2000,20,1.9933951068397104
2000,21,1.770358542130705
2000,22,1.981210050113015
2000,23,2.3482608631368938
2000,24,1.7590126702574802
2000,25,1.3630077464957944
2000,26,1.422350281116807
2000,27,1.3511826941843588
2000,28,1.201107508254376
2000,29,1.324556790883446
2000,30,1.4439360155091894
2000,31,1.3553625680714003
2000,32,1.8265767687787329
2000,33,1.7018538716864167
2000,34,2.513314792558528
2000,35,1.7729780706879736
2000,36,1.4013154318892658
2000,37,1.212400002546103
2000,38,1.1603921968262414
2000,39,1.4670323740477538
2000,40,1.401863246136696
2000,41,2.2599475973700134
2000,42,1.4054666369820326
2000,43,1.5238013263073906
2000,44,1.7874247003969383
2000,45,1.7544715497634957
2000,46,1.3174430714118133
2000,47,1.5043279798716933
2000,48,1.0433251563542043
2000,49,1.6894228598471652
2000,50,2.0689348517304698
