obs_sample_size,rep,rmse
200,1,1.3686877107946163
200,2,1.2597622351017965
200,3,1.356496538584057
200,4,1.4152207062175746
200,5,1.0682904154092336
200,6,1.7038505723425157
200,7,2.058012008968784
200,8,1.6351957789385159
200,9,1.512342828299839
200,10,1.2891236583948527
200,11,1.1671401184105854
200,12,1.8513453378197666
200,13,1.7317579660868807
200,14,1.6350070779649488
200,15,1.3618561372879876
200,16,1.6600300587978116
200,17,1.7163486067501563
200,18,1.2771693800351454
200,19,1.3275316861716928
200,20,1.7828470552423084
200,21,1.3958640693593918
200,22,1.4975316410320259
200,23,1.7968692708489267
200,24,1.5170823049972293
200,25,1.4143710522111028
200,26,1.641042612995255
200,27,1.7984906777824394
200,28,1.0547041994793862
200,29,1.8260521642714953
200,30,1.257277453048494
200,31,1.5487160226040337
200,32,1.3757326511470822
200,33,1.9385621579108974
200,34,1.4453492926306934
200,35,1.4619658990802673
200,36,1.8594228934337196
200,37,1.541054059791728
200,38,1.633438960837491
200,39,1.5545632047893765
200,40,1.577535402418791
200,41,1.7992000784110334
200,42,1.4274881178984067
200,43,1.284241872294981
200,44,1.2487972610147478
200,45,1.5938940808354953
200,46,1.3507545756395378
200,47,1.3176705441456789
200,48,1.4578925362136461
200,49,1.3115313976190395
200,50,1.4867624864696587
500,1,1.3174134340775487
500,2,1.4487586886821189
500,3,1.7580600197885263
500,4,1.4450703976609705
500,5,1.389945695708734
500,6,1.2865422588896043
500,7,1.2503221077046816
500,8,1.2973663089512626
500,9,1.4346213266340346
500,10,1.3752568841300785
500,11,1.6813609513708203
500,12,1.567397114630729
500,13,1.4415960479861485
500,14,1.632834758919223
500,15,1.689190185067553
500,16,1.647321989501985
500,17,1.5665082321193207
500,18,1.5251369505715067
500,19,1.4323442469005354
500,20,1.4921978635250128
500,21,1.3998601226206686
500,22,1.736622106558509
500,23,1.5364052829869046
500,24,1.5500153603525528
500,25,1.232573362854629
500,26,1.335994302777318
500,27,1.3520665983841502
500,28,1.3868313698495227
500,29,1.5876819496484373
500,30,1.4001068891979127
500,31,1.2953501608935523
500,32,1.4373068589541955
500,33,1.445840940755658
500,34,1.2979126366069178
500,35,1.6597556816360666
500,36,1.3588196071352507
500,37,1.2402353972391145
500,38,1.7463347302916132
500,39,1.618057646407901
500,40,1.3687214467710465
500,41,1.598986431800754
500,42,1.4644089139934746
500,43,1.548904640160229
500,44,1.380452452700585
500,45,1.5708671056437602
500,46,1.3922751767725388
500,47,1.789917816856242
500,48,1.4117909509019826
500,49,1.5256486677141123
500,50,1.3975866632351692
1000,1,1.2079520295921047
1000,2,1.2035823459586539
1000,3,1.38419698067816
1000,4,1.500609161774008
1000,5,1.5294568750979785
1000,6,1.2443918717142846
1000,7,1.2662352597036761
1000,8,1.399491281523199
1000,9,1.5376455647151281
1000,10,1.1706676527897704
1000,11,1.5229143935151292
1000,12,1.4194601899206967
1000,13,1.3555131702226073
1000,14,1.5331673567317394
1000,15,1.5240907663026237
1000,16,1.305774896444065
1000,17,1.5254541923959233
1000,18,1.3945003859887035
1000,19,1.325936207988852
1000,20,1.578103555116929
1000,21,1.2627064104769126
1000,22,1.3056255059661435
1000,23,1.4289542795552461
1000,24,1.499562641557103
1000,25,1.4513129085142398
1000,26,1.4421069709309304
1000,27,1.6033035812755063
1000,28,1.6234655974613015
1000,29,1.4383223364594302
1000,30,1.2957079837655752
1000,31,1.6415330296946662
1000,32,1.3669867806029665
1000,33,1.4281641702902346
1000,34,1.3978460162866464
1000,35,1.402134825140282
1000,36,1.1691662162063299
1000,37,1.3530320582708542
1000,38,1.4512428629322394
1000,39,1.2717828398687734
1000,40,1.5279670472493787
1000,41,1.494040131418361
1000,42,1.4548912826749913
1000,43,1.6946646586429153
1000,44,1.2957626643195694
1000,45,1.4163844401512666
1000,46,1.4653550620439952
1000,47,1.6060733182319629
1000,48,1.4088367821041023
1000,49,1.2878028753323192
1000,50,1.2862093699596877
2000,1,1.3417120758156387
2000,2,1.3332404725300857
2000,3,1.291679548008082
2000,4,1.3444124099494648
2000,5,1.2950597997369757
2000,6,1.3967737123648185
2000,7,1.431521553569313
2000,8,1.3874661873897518
2000,9,1.3666018560713868
2000,10,1.2271194371286243
2000,11,1.3941588181927758
2000,12,1.3189087886089126
2000,13,1.412916615639213
2000,14,1.3551381558336961
2000,15,1.3470867883837565
2000,16,1.405768012217147
2000,17,1.212936883158701
2000,18,1.4199627400308603
2000,19,1.2961948523975833
2000,20,1.4252075260768093
2000,21,1.448479962146396
2000,22,1.4211579670899164
2000,23,1.4961265399960428
2000,24,1.3470231557852808
2000,25,1.4173633571839201
2000,26,1.4843376188879724
2000,27,1.3549428361660392
2000,28,1.395075310597685
2000,29,1.335000131485455
2000,30,1.3599531062172603
2000,31,1.3788691289590917
2000,32,1.4208938049886137
2000,33,1.3757259334239322
2000,34,1.4310018553707649
2000,35,1.4296089370482836
2000,36,1.3482625150761607
2000,37,1.3371302916588803
2000,38,1.3931152681762506
2000,39,1.4897050408481605
2000,40,1.3953739982954985
2000,41,1.3127933195140031
2000,42,1.4007743519280975
2000,43,1.2672383864409107
2000,44,1.4394593104046456
2000,45,1.4065118099597427
2000,46,1.4697358553533695
2000,47,1.294486672543073
2000,48,1.3751967050944243
2000,49,1.3687580174810903
2000,50,1.4385099012911247
